datetime,ENMO
2025-10-24 16:38:07.079,0.0
2025-10-24 16:38:07.090,0.0
2025-10-24 16:38:07.099,0.0
2025-10-24 16:38:07.109,0.0
2025-10-24 16:38:07.119,0.0
2025-10-24 16:38:07.130,0.0
2025-10-24 16:38:07.139,0.0
2025-10-24 16:38:07.149,0.0
2025-10-24 16:38:07.159,0.0
2025-10-24 16:38:07.170,0.0
2025-10-24 16:38:07.179,0.0
2025-10-24 16:38:07.189,0.0
2025-10-24 16:38:07.199,0.0
2025-10-24 16:38:07.210,0.0
2025-10-24 16:38:07.220,0.0
2025-10-24 16:38:07.230,0.0
2025-10-24 16:38:07.239,0.0
2025-10-24 16:38:07.250,0.0
2025-10-24 16:38:07.260,0.0
2025-10-24 16:38:07.269,0.0
2025-10-24 16:38:07.279,0.0
2025-10-24 16:38:07.289,0.0
2025-10-24 16:38:07.300,0.0
2025-10-24 16:38:07.309,0.0
2025-10-24 16:38:07.319,0.0
2025-10-24 16:38:07.329,0.0
2025-10-24 16:38:07.340,0.0
2025-10-24 16:38:07.349,0.0
2025-10-24 16:38:07.359,0.0
2025-10-24 16:38:07.369,0.0
2025-10-24 16:38:07.380,0.0
2025-10-24 16:38:07.389,0.0
2025-10-24 16:38:07.399,0.0
2025-10-24 16:38:07.409,0.0
2025-10-24 16:38:07.420,0.0
2025-10-24 16:38:07.429,0.0
2025-10-24 16:38:07.440,0.0
2025-10-24 16:38:07.449,0.0
2025-10-24 16:38:07.460,0.0
2025-10-24 16:38:07.470,0.0
2025-10-24 16:38:07.480,0.0
2025-10-24 16:38:07.489,0.0
2025-10-24 16:38:07.500,0.0
2025-10-24 16:38:07.510,0.0
2025-10-24 16:38:07.520,0.0
2025-10-24 16:38:07.529,0.0
2025-10-24 16:38:07.539,0.0
2025-10-24 16:38:07.550,0.0
2025-10-24 16:38:07.559,0.0
2025-10-24 16:38:07.569,0.0
2025-10-24 16:38:07.579,0.0
2025-10-24 16:38:07.590,0.0
2025-10-24 16:38:07.599,0.0
2025-10-24 16:38:07.609,0.0
2025-10-24 16:38:07.619,0.0
2025-10-24 16:38:07.630,0.0
2025-10-24 16:38:07.639,0.0
2025-10-24 16:38:07.649,0.0
2025-10-24 16:38:07.659,0.0
2025-10-24 16:38:07.670,0.0
2025-10-24 16:38:07.679,0.0
2025-10-24 16:38:07.690,0.0
2025-10-24 16:38:07.699,0.0
2025-10-24 16:38:07.710,0.0
2025-10-24 16:38:07.720,0.0
2025-10-24 16:38:07.730,0.0
2025-10-24 16:38:07.739,0.0
2025-10-24 16:38:07.750,0.0
2025-10-24 16:38:07.760,0.0
2025-10-24 16:38:07.770,0.0
2025-10-24 16:38:07.779,0.0
2025-10-24 16:38:07.789,0.0
2025-10-24 16:38:07.800,0.0
2025-10-24 16:38:07.809,0.0
2025-10-24 16:38:07.819,0.0
2025-10-24 16:38:07.829,0.0
2025-10-24 16:38:07.840,0.0
2025-10-24 16:38:07.849,0.0
2025-10-24 16:38:07.859,0.0
2025-10-24 16:38:07.869,0.0
2025-10-24 16:38:07.880,0.0
2025-10-24 16:38:07.889,0.0
2025-10-24 16:38:07.899,0.0
2025-10-24 16:38:07.909,0.0
2025-10-24 16:38:07.920,0.0
2025-10-24 16:38:07.930,0.0
2025-10-24 16:38:07.940,0.0
2025-10-24 16:38:07.949,0.0
2025-10-24 16:38:07.960,0.0
2025-10-24 16:38:07.970,0.0
2025-10-24 16:38:07.980,0.0
2025-10-24 16:38:07.989,0.0
2025-10-24 16:38:08.000,0.0
2025-10-24 16:38:08.010,0.0
2025-10-24 16:38:08.020,0.0
2025-10-24 16:38:08.029,0.0
2025-10-24 16:38:08.039,0.0
2025-10-24 16:38:08.050,0.0
2025-10-24 16:38:08.059,0.0
2025-10-24 16:38:08.069,0.0
2025-10-24 16:38:08.079,0.0
2025-10-24 16:38:08.090,0.0
2025-10-24 16:38:08.100,0.0
2025-10-24 16:38:08.109,0.0
2025-10-24 16:38:08.119,0.0
2025-10-24 16:38:08.130,0.0
2025-10-24 16:38:08.139,0.0
2025-10-24 16:38:08.149,0.0
2025-10-24 16:38:08.159,0.0
2025-10-24 16:38:08.170,0.0
2025-10-24 16:38:08.180,0.0
2025-10-24 16:38:08.190,0.0
2025-10-24 16:38:08.199,0.0
2025-10-24 16:38:08.210,0.0
2025-10-24 16:38:08.220,0.0
2025-10-24 16:38:08.229,0.0
2025-10-24 16:38:08.239,0.0
2025-10-24 16:38:08.250,0.0
2025-10-24 16:38:08.260,0.0
2025-10-24 16:38:08.270,0.0
2025-10-24 16:38:08.279,0.0
2025-10-24 16:38:08.290,0.0
2025-10-24 16:38:08.300,0.0
2025-10-24 16:38:08.310,0.0
2025-10-24 16:38:08.320,0.0
2025-10-24 16:38:08.330,0.0
2025-10-24 16:38:08.340,0.0
2025-10-24 16:38:08.350,0.0
2025-10-24 16:38:08.360,0.0
2025-10-24 16:38:08.370,0.0
2025-10-24 16:38:08.380,0.0
2025-10-24 16:38:08.390,0.0
2025-10-24 16:38:08.401,0.0
2025-10-24 16:38:08.411,0.0
2025-10-24 16:38:08.421,0.0
2025-10-24 16:38:08.431,0.0
2025-10-24 16:38:08.441,0.0
2025-10-24 16:38:08.451,0.0
2025-10-24 16:38:08.461,0.0
2025-10-24 16:38:08.471,0.0
2025-10-24 16:38:08.481,0.0
2025-10-24 16:38:08.491,0.0
2025-10-24 16:38:08.501,0.0
2025-10-24 16:38:08.511,0.0
2025-10-24 16:38:08.522,0.0
2025-10-24 16:38:08.532,0.0
2025-10-24 16:38:08.542,0.0
2025-10-24 16:38:08.552,0.0
2025-10-24 16:38:08.562,0.0
2025-10-24 16:38:08.572,0.0
2025-10-24 16:38:08.582,0.0
2025-10-24 16:38:08.592,0.0
2025-10-24 16:38:08.602,0.0
2025-10-24 16:38:08.612,0.0
2025-10-24 16:38:08.622,0.0
2025-10-24 16:38:08.632,0.0
2025-10-24 16:38:08.642,0.0
2025-10-24 16:38:08.653,0.0
2025-10-24 16:38:08.663,0.0
2025-10-24 16:38:08.673,0.0
2025-10-24 16:38:08.683,0.0
2025-10-24 16:38:08.693,0.0
2025-10-24 16:38:08.703,0.0
2025-10-24 16:38:08.713,0.0
2025-10-24 16:38:08.723,0.0
2025-10-24 16:38:08.733,0.0
2025-10-24 16:38:08.743,0.0
2025-10-24 16:38:08.753,0.0
2025-10-24 16:38:08.763,0.0
2025-10-24 16:38:08.774,0.0
2025-10-24 16:38:08.784,0.0
2025-10-24 16:38:08.794,0.0
2025-10-24 16:38:08.804,0.0
2025-10-24 16:38:08.814,0.0
2025-10-24 16:38:08.824,0.0
2025-10-24 16:38:08.834,0.0
2025-10-24 16:38:08.844,0.0
2025-10-24 16:38:08.854,0.0
2025-10-24 16:38:08.864,0.0
2025-10-24 16:38:08.874,0.0
2025-10-24 16:38:08.885,0.0
2025-10-24 16:38:08.895,0.0
2025-10-24 16:38:08.905,0.0
2025-10-24 16:38:08.915,0.0
2025-10-24 16:38:08.925,0.0
2025-10-24 16:38:08.935,0.0
2025-10-24 16:38:08.945,0.0
2025-10-24 16:38:08.955,0.0
2025-10-24 16:38:08.965,0.0
2025-10-24 16:38:08.975,0.0
2025-10-24 16:38:08.985,0.0
2025-10-24 16:38:08.995,0.0
2025-10-24 16:38:09.006,0.0
2025-10-24 16:38:09.016,0.0
2025-10-24 16:38:09.026,0.0
2025-10-24 16:38:09.036,0.0
2025-10-24 16:38:09.046,0.0
2025-10-24 16:38:09.056,0.0
2025-10-24 16:38:09.066,0.0
2025-10-24 16:38:09.076,0.0
2025-10-24 16:38:09.086,0.0
2025-10-24 16:38:09.096,0.0
2025-10-24 16:38:09.106,0.0
2025-10-24 16:38:09.116,0.0
2025-10-24 16:38:09.126,0.0
2025-10-24 16:38:09.137,0.0
2025-10-24 16:38:09.147,0.0
2025-10-24 16:38:09.157,0.0
2025-10-24 16:38:09.167,0.0
2025-10-24 16:38:09.177,0.0
2025-10-24 16:38:09.187,0.0
2025-10-24 16:38:09.197,0.0
2025-10-24 16:38:09.207,0.0
2025-10-24 16:38:09.217,0.0
2025-10-24 16:38:09.227,0.0
2025-10-24 16:38:09.237,0.0
2025-10-24 16:38:09.248,0.0
2025-10-24 16:38:09.258,0.0
2025-10-24 16:38:09.268,0.0
2025-10-24 16:38:09.278,0.0
2025-10-24 16:38:09.288,0.0
2025-10-24 16:38:09.298,0.0
2025-10-24 16:38:09.308,0.0
2025-10-24 16:38:09.318,0.0
2025-10-24 16:38:09.328,0.0
2025-10-24 16:38:09.338,0.0
2025-10-24 16:38:09.348,0.0
2025-10-24 16:38:09.358,0.0
2025-10-24 16:38:09.368,0.0
2025-10-24 16:38:09.379,0.0
2025-10-24 16:38:09.389,0.0
2025-10-24 16:38:09.399,0.0
2025-10-24 16:38:09.409,0.0
2025-10-24 16:38:09.419,0.0
2025-10-24 16:38:09.429,0.0
2025-10-24 16:38:09.439,0.0
2025-10-24 16:38:09.449,0.0
2025-10-24 16:38:09.459,0.0
2025-10-24 16:38:09.469,0.0
2025-10-24 16:38:09.479,0.0
2025-10-24 16:38:09.489,0.0
2025-10-24 16:38:09.500,0.0
2025-10-24 16:38:09.510,0.0
2025-10-24 16:38:09.520,0.0
2025-10-24 16:38:09.530,0.0
2025-10-24 16:38:09.540,0.0
2025-10-24 16:38:09.551,0.0
2025-10-24 16:38:09.561,0.0
2025-10-24 16:38:09.571,0.0
2025-10-24 16:38:09.581,0.0
2025-10-24 16:38:09.591,0.0
2025-10-24 16:38:09.601,0.0
2025-10-24 16:38:09.611,0.0
2025-10-24 16:38:09.622,0.0
2025-10-24 16:38:09.632,0.0
2025-10-24 16:38:09.642,0.0
2025-10-24 16:38:09.652,0.0
2025-10-24 16:38:09.662,0.0
2025-10-24 16:38:09.673,0.0
2025-10-24 16:38:09.683,0.0
2025-10-24 16:38:09.693,0.0
2025-10-24 16:38:09.703,0.0
2025-10-24 16:38:09.713,0.0
2025-10-24 16:38:09.723,0.0
2025-10-24 16:38:09.734,0.0
2025-10-24 16:38:09.744,0.0
2025-10-24 16:38:09.754,0.0
2025-10-24 16:38:09.764,0.0
2025-10-24 16:38:09.774,0.0
2025-10-24 16:38:09.784,0.0
2025-10-24 16:38:09.795,0.0
2025-10-24 16:38:09.805,0.0
2025-10-24 16:38:09.815,0.0
2025-10-24 16:38:09.825,0.0
2025-10-24 16:38:09.835,0.0
2025-10-24 16:38:09.845,0.0
2025-10-24 16:38:09.855,0.0
2025-10-24 16:38:09.866,0.0
2025-10-24 16:38:09.876,0.0
2025-10-24 16:38:09.886,0.0
2025-10-24 16:38:09.896,0.0
2025-10-24 16:38:09.906,0.0
2025-10-24 16:38:09.916,0.0
2025-10-24 16:38:09.927,0.0
2025-10-24 16:38:09.937,0.0
2025-10-24 16:38:09.947,0.0
2025-10-24 16:38:09.957,0.0
2025-10-24 16:38:09.967,0.0
2025-10-24 16:38:09.977,0.0
2025-10-24 16:38:09.988,0.0
2025-10-24 16:38:09.998,0.0
2025-10-24 16:38:10.008,0.0
2025-10-24 16:38:10.018,0.0
2025-10-24 16:38:10.028,0.0
2025-10-24 16:38:10.038,0.0
2025-10-24 16:38:10.049,0.0
2025-10-24 16:38:10.059,0.0
2025-10-24 16:38:10.069,0.0
2025-10-24 16:38:10.079,0.0
2025-10-24 16:38:10.089,0.0
2025-10-24 16:38:10.100,0.0
2025-10-24 16:38:10.110,0.0
2025-10-24 16:38:10.120,0.0
2025-10-24 16:38:10.130,0.0
2025-10-24 16:38:10.140,0.0
2025-10-24 16:38:10.150,0.0
2025-10-24 16:38:10.161,0.0
2025-10-24 16:38:10.171,0.0
2025-10-24 16:38:10.181,0.0
2025-10-24 16:38:10.191,0.0
2025-10-24 16:38:10.201,0.0
2025-10-24 16:38:10.211,0.0
2025-10-24 16:38:10.222,0.0
2025-10-24 16:38:10.232,0.0
2025-10-24 16:38:10.242,0.0
2025-10-24 16:38:10.252,0.0
2025-10-24 16:38:10.262,0.0
2025-10-24 16:38:10.272,0.0
2025-10-24 16:38:10.283,0.0
2025-10-24 16:38:10.293,0.0
2025-10-24 16:38:10.303,0.0
2025-10-24 16:38:10.313,0.0
2025-10-24 16:38:10.323,0.0
2025-10-24 16:38:10.333,0.0
2025-10-24 16:38:10.343,0.0
2025-10-24 16:38:10.354,0.0
2025-10-24 16:38:10.364,0.0
2025-10-24 16:38:10.374,0.0
2025-10-24 16:38:10.384,0.0
2025-10-24 16:38:10.394,0.0
2025-10-24 16:38:10.404,0.0
2025-10-24 16:38:10.415,0.0
2025-10-24 16:38:10.425,0.0
2025-10-24 16:38:10.435,0.0
2025-10-24 16:38:10.445,0.0
2025-10-24 16:38:10.455,0.0
2025-10-24 16:38:10.465,0.0
2025-10-24 16:38:10.476,0.0
2025-10-24 16:38:10.486,0.0
2025-10-24 16:38:10.496,0.0
2025-10-24 16:38:10.506,0.0
2025-10-24 16:38:10.516,0.0
2025-10-24 16:38:10.527,0.0
2025-10-24 16:38:10.537,0.0
2025-10-24 16:38:10.547,0.0
2025-10-24 16:38:10.557,0.0
2025-10-24 16:38:10.567,0.0
2025-10-24 16:38:10.577,0.0
2025-10-24 16:38:10.588,0.0
2025-10-24 16:38:10.598,0.0
2025-10-24 16:38:10.608,0.0
2025-10-24 16:38:10.618,0.0
2025-10-24 16:38:10.628,0.0
2025-10-24 16:38:10.638,0.0
2025-10-24 16:38:10.649,0.0
2025-10-24 16:38:10.659,0.0
2025-10-24 16:38:10.669,0.0
2025-10-24 16:38:10.679,0.0
2025-10-24 16:38:10.689,0.0
2025-10-24 16:38:10.699,0.0
2025-10-24 16:38:10.710,0.0
2025-10-24 16:38:10.720,0.0
2025-10-24 16:38:10.730,0.0
2025-10-24 16:38:10.740,0.0
2025-10-24 16:38:10.750,0.0
2025-10-24 16:38:10.760,0.0
2025-10-24 16:38:10.770,0.0
2025-10-24 16:38:10.781,0.0
2025-10-24 16:38:10.791,0.0
2025-10-24 16:38:10.801,0.0
2025-10-24 16:38:10.811,0.0
2025-10-24 16:38:10.821,0.0
2025-10-24 16:38:10.831,0.0
2025-10-24 16:38:10.842,0.0
2025-10-24 16:38:10.852,0.0
2025-10-24 16:38:10.862,0.0
2025-10-24 16:38:10.872,0.0
2025-10-24 16:38:10.882,0.0
2025-10-24 16:38:10.892,0.0
2025-10-24 16:38:10.903,0.0
2025-10-24 16:38:10.913,0.0
2025-10-24 16:38:10.923,0.0
2025-10-24 16:38:10.933,0.0
2025-10-24 16:38:10.943,0.0
2025-10-24 16:38:10.954,0.0
2025-10-24 16:38:10.964,0.0
2025-10-24 16:38:10.974,0.0
2025-10-24 16:38:10.984,0.0
2025-10-24 16:38:10.994,0.0
2025-10-24 16:38:11.004,0.0
2025-10-24 16:38:11.015,0.0
2025-10-24 16:38:11.025,0.0
2025-10-24 16:38:11.035,0.0
2025-10-24 16:38:11.045,0.0
2025-10-24 16:38:11.055,0.0
2025-10-24 16:38:11.065,0.0
2025-10-24 16:38:11.076,0.0
2025-10-24 16:38:11.086,0.0
2025-10-24 16:38:11.096,0.0
2025-10-24 16:38:11.106,0.0
2025-10-24 16:38:11.116,0.0
2025-10-24 16:38:11.126,0.0
2025-10-24 16:38:11.137,0.0
2025-10-24 16:38:11.147,0.0
2025-10-24 16:38:11.157,0.0
2025-10-24 16:38:11.167,0.0
2025-10-24 16:38:11.177,0.0
2025-10-24 16:38:11.187,0.0
2025-10-24 16:38:11.197,0.0
2025-10-24 16:38:11.208,0.0
2025-10-24 16:38:11.218,0.0
2025-10-24 16:38:11.228,0.0
2025-10-24 16:38:11.238,0.0
2025-10-24 16:38:11.248,0.0
2025-10-24 16:38:11.258,0.0
2025-10-24 16:38:11.269,0.0
2025-10-24 16:38:11.279,0.0
2025-10-24 16:38:11.289,0.0
2025-10-24 16:38:11.299,0.0
2025-10-24 16:38:11.309,0.0
2025-10-24 16:38:11.319,0.0
2025-10-24 16:38:11.330,0.0
2025-10-24 16:38:11.340,0.0
2025-10-24 16:38:11.350,0.0
2025-10-24 16:38:11.360,0.0
2025-10-24 16:38:11.370,0.0
2025-10-24 16:38:11.381,0.0
2025-10-24 16:38:11.391,0.0
2025-10-24 16:38:11.401,0.0
2025-10-24 16:38:11.411,0.0
2025-10-24 16:38:11.421,0.0
2025-10-24 16:38:11.431,0.0
2025-10-24 16:38:11.442,0.0
2025-10-24 16:38:11.452,0.0
2025-10-24 16:38:11.462,0.0
2025-10-24 16:38:11.472,0.0
2025-10-24 16:38:11.482,0.0
2025-10-24 16:38:11.492,0.0
2025-10-24 16:38:11.503,0.0
2025-10-24 16:38:11.513,0.0
2025-10-24 16:38:11.523,0.0
2025-10-24 16:38:11.533,0.0
2025-10-24 16:38:11.543,0.0
2025-10-24 16:38:11.553,0.0
2025-10-24 16:38:11.564,0.0
2025-10-24 16:38:11.574,0.0
2025-10-24 16:38:11.584,0.0
2025-10-24 16:38:11.594,0.0
2025-10-24 16:38:11.604,0.0
2025-10-24 16:38:11.614,0.0
2025-10-24 16:38:11.625,0.0
2025-10-24 16:38:11.635,0.0
2025-10-24 16:38:11.645,0.0
2025-10-24 16:38:11.655,0.0
2025-10-24 16:38:11.665,0.0
2025-10-24 16:38:11.675,0.0
2025-10-24 16:38:11.685,0.0
2025-10-24 16:38:11.696,0.0
2025-10-24 16:38:11.706,0.0
2025-10-24 16:38:11.716,0.0
2025-10-24 16:38:11.726,0.0
2025-10-24 16:38:11.736,0.0
2025-10-24 16:38:11.746,0.0
2025-10-24 16:38:11.757,0.0
2025-10-24 16:38:11.767,0.0
2025-10-24 16:38:11.777,0.0
2025-10-24 16:38:11.787,0.0
2025-10-24 16:38:11.797,0.0
2025-10-24 16:38:11.808,0.0
2025-10-24 16:38:11.818,0.0
2025-10-24 16:38:11.828,0.0
2025-10-24 16:38:11.838,0.0
2025-10-24 16:38:11.848,0.0
2025-10-24 16:38:11.858,0.0
2025-10-24 16:38:11.868,0.0
2025-10-24 16:38:11.879,0.0
2025-10-24 16:38:11.889,0.0
2025-10-24 16:38:11.899,0.0
2025-10-24 16:38:11.909,0.0
2025-10-24 16:38:11.919,0.0
2025-10-24 16:38:11.930,0.0
2025-10-24 16:38:11.940,0.0
2025-10-24 16:38:11.950,0.0
2025-10-24 16:38:11.960,0.0
2025-10-24 16:38:11.970,0.0
2025-10-24 16:38:11.980,0.0
2025-10-24 16:38:11.990,0.0
2025-10-24 16:38:12.000,0.0
2025-10-24 16:38:12.010,0.0
2025-10-24 16:38:12.020,0.0
2025-10-24 16:38:12.030,0.0
2025-10-24 16:38:12.040,0.0
2025-10-24 16:38:12.051,0.0
2025-10-24 16:38:12.061,0.0
2025-10-24 16:38:12.071,0.0
2025-10-24 16:38:12.081,0.0
2025-10-24 16:38:12.091,0.0
2025-10-24 16:38:12.101,0.0
2025-10-24 16:38:12.111,0.0
2025-10-24 16:38:12.121,0.0
2025-10-24 16:38:12.131,0.0
2025-10-24 16:38:12.141,0.0
2025-10-24 16:38:12.151,0.0
2025-10-24 16:38:12.161,0.0
2025-10-24 16:38:12.171,0.0
2025-10-24 16:38:12.182,0.0
2025-10-24 16:38:12.192,0.0
2025-10-24 16:38:12.202,0.0
2025-10-24 16:38:12.212,0.0
2025-10-24 16:38:12.222,0.0
2025-10-24 16:38:12.232,0.0
2025-10-24 16:38:12.242,0.0
2025-10-24 16:38:12.252,0.0
2025-10-24 16:38:12.262,0.0
2025-10-24 16:38:12.272,0.0
2025-10-24 16:38:12.282,0.0
2025-10-24 16:38:12.293,0.0
2025-10-24 16:38:12.303,0.0
2025-10-24 16:38:12.313,0.0
2025-10-24 16:38:12.323,0.0
2025-10-24 16:38:12.333,0.0
2025-10-24 16:38:12.343,0.0
2025-10-24 16:38:12.353,0.0
2025-10-24 16:38:12.363,0.0
2025-10-24 16:38:12.373,0.0
2025-10-24 16:38:12.383,0.0
2025-10-24 16:38:12.393,0.0
2025-10-24 16:38:12.403,0.0
2025-10-24 16:38:12.413,0.0
2025-10-24 16:38:12.424,0.0
2025-10-24 16:38:12.434,0.0
2025-10-24 16:38:12.444,0.0
2025-10-24 16:38:12.454,0.0
2025-10-24 16:38:12.464,0.0
2025-10-24 16:38:12.474,0.0
2025-10-24 16:38:12.484,0.0
2025-10-24 16:38:12.494,0.0
2025-10-24 16:38:12.504,0.0
2025-10-24 16:38:12.514,0.0
2025-10-24 16:38:12.524,0.0
2025-10-24 16:38:12.534,0.0
2025-10-24 16:38:12.545,0.0
2025-10-24 16:38:12.555,0.0
2025-10-24 16:38:12.565,0.0
2025-10-24 16:38:12.575,0.0
2025-10-24 16:38:12.585,0.0
2025-10-24 16:38:12.595,0.0
2025-10-24 16:38:12.605,0.0
2025-10-24 16:38:12.615,0.0
2025-10-24 16:38:12.625,0.0
2025-10-24 16:38:12.635,0.0
2025-10-24 16:38:12.645,0.0
2025-10-24 16:38:12.656,0.0
2025-10-24 16:38:12.666,0.0
2025-10-24 16:38:12.676,0.0
2025-10-24 16:38:12.686,0.0
2025-10-24 16:38:12.696,0.0
2025-10-24 16:38:12.706,0.0
2025-10-24 16:38:12.716,0.0
2025-10-24 16:38:12.726,0.0
2025-10-24 16:38:12.736,0.0
2025-10-24 16:38:12.746,0.0
2025-10-24 16:38:12.756,0.0
2025-10-24 16:38:12.766,0.0
2025-10-24 16:38:12.777,0.0
2025-10-24 16:38:12.787,0.0
2025-10-24 16:38:12.797,0.0
2025-10-24 16:38:12.807,0.0
2025-10-24 16:38:12.817,0.0
2025-10-24 16:38:12.827,0.0
2025-10-24 16:38:12.837,0.0
2025-10-24 16:38:12.847,0.0
2025-10-24 16:38:12.857,0.0
2025-10-24 16:38:12.867,0.0
2025-10-24 16:38:12.877,0.0
2025-10-24 16:38:12.887,0.0
2025-10-24 16:38:12.897,0.0
2025-10-24 16:38:12.908,0.0
2025-10-24 16:38:12.918,0.0
2025-10-24 16:38:12.928,0.0
2025-10-24 16:38:12.938,0.0
2025-10-24 16:38:12.948,0.0
2025-10-24 16:38:12.958,0.0
2025-10-24 16:38:12.968,0.0
2025-10-24 16:38:12.978,0.0
2025-10-24 16:38:12.988,0.0
2025-10-24 16:38:12.998,0.0
2025-10-24 16:38:13.008,0.0
2025-10-24 16:38:13.019,0.0
2025-10-24 16:38:13.029,0.0
2025-10-24 16:38:13.039,0.0
2025-10-24 16:38:13.049,0.0
2025-10-24 16:38:13.059,0.0
2025-10-24 16:38:13.069,0.0
2025-10-24 16:38:13.079,0.0
2025-10-24 16:38:13.089,0.0
2025-10-24 16:38:13.099,0.0
2025-10-24 16:38:13.109,0.0
2025-10-24 16:38:13.119,0.0
2025-10-24 16:38:13.129,0.0
2025-10-24 16:38:13.140,0.0
2025-10-24 16:38:13.150,0.0
2025-10-24 16:38:13.160,0.0
2025-10-24 16:38:13.170,0.0
2025-10-24 16:38:13.180,0.0
2025-10-24 16:38:13.190,0.0
2025-10-24 16:38:13.200,0.0
2025-10-24 16:38:13.210,0.0
2025-10-24 16:38:13.220,0.0
2025-10-24 16:38:13.230,0.0
2025-10-24 16:38:13.240,0.0
2025-10-24 16:38:13.250,0.0
2025-10-24 16:38:13.260,0.0
2025-10-24 16:38:13.271,0.0
2025-10-24 16:38:13.281,0.0
2025-10-24 16:38:13.291,0.0
2025-10-24 16:38:13.301,0.0
2025-10-24 16:38:13.311,0.0
2025-10-24 16:38:13.321,0.0
2025-10-24 16:38:13.331,0.0
2025-10-24 16:38:13.341,0.0
2025-10-24 16:38:13.351,0.0
2025-10-24 16:38:13.361,0.0
2025-10-24 16:38:13.371,0.0
2025-10-24 16:38:13.381,0.0
2025-10-24 16:38:13.392,0.0
2025-10-24 16:38:13.402,0.0
2025-10-24 16:38:13.412,0.0
2025-10-24 16:38:13.422,0.0
2025-10-24 16:38:13.432,0.0
2025-10-24 16:38:13.442,0.0
2025-10-24 16:38:13.452,0.0
2025-10-24 16:38:13.462,0.0
2025-10-24 16:38:13.472,0.0
2025-10-24 16:38:13.482,0.0
2025-10-24 16:38:13.492,0.0
2025-10-24 16:38:13.503,0.0
2025-10-24 16:38:13.513,0.0
2025-10-24 16:38:13.523,0.0
2025-10-24 16:38:13.533,0.0
2025-10-24 16:38:13.543,0.0
2025-10-24 16:38:13.553,0.0
2025-10-24 16:38:13.563,0.0
2025-10-24 16:38:13.573,0.0
2025-10-24 16:38:13.583,0.0
2025-10-24 16:38:13.593,0.0
2025-10-24 16:38:13.603,0.0
2025-10-24 16:38:13.613,0.0
2025-10-24 16:38:13.624,0.0
2025-10-24 16:38:13.634,0.0
2025-10-24 16:38:13.644,0.0
2025-10-24 16:38:13.654,0.0
2025-10-24 16:38:13.664,0.0
2025-10-24 16:38:13.674,0.0
2025-10-24 16:38:13.684,0.0
2025-10-24 16:38:13.694,0.0
2025-10-24 16:38:13.704,0.0
2025-10-24 16:38:13.714,0.0
2025-10-24 16:38:13.724,0.0
2025-10-24 16:38:13.734,0.0
2025-10-24 16:38:13.744,0.0
2025-10-24 16:38:13.755,0.0
2025-10-24 16:38:13.765,0.0
2025-10-24 16:38:13.775,0.0
2025-10-24 16:38:13.785,0.0
2025-10-24 16:38:13.795,0.0
2025-10-24 16:38:13.805,0.0
2025-10-24 16:38:13.815,0.0
2025-10-24 16:38:13.825,0.0
2025-10-24 16:38:13.835,0.0
2025-10-24 16:38:13.845,0.0
2025-10-24 16:38:13.855,0.0
2025-10-24 16:38:13.866,0.0
2025-10-24 16:38:13.876,0.0
2025-10-24 16:38:13.886,0.0
2025-10-24 16:38:13.896,0.0
2025-10-24 16:38:13.906,0.0
2025-10-24 16:38:13.916,0.0
2025-10-24 16:38:13.926,0.0
2025-10-24 16:38:13.936,0.0
2025-10-24 16:38:13.946,0.0
2025-10-24 16:38:13.956,0.0
2025-10-24 16:38:13.966,0.0
2025-10-24 16:38:13.976,0.0
2025-10-24 16:38:13.987,0.0
2025-10-24 16:38:13.997,0.0
2025-10-24 16:38:14.007,0.0
2025-10-24 16:38:14.017,0.0
2025-10-24 16:38:14.027,0.0
2025-10-24 16:38:14.037,0.0
2025-10-24 16:38:14.047,0.0
2025-10-24 16:38:14.057,0.0
2025-10-24 16:38:14.067,0.0
2025-10-24 16:38:14.077,0.0
2025-10-24 16:38:14.087,0.0
2025-10-24 16:38:14.097,0.0
2025-10-24 16:38:14.107,0.0
2025-10-24 16:38:14.118,0.0
2025-10-24 16:38:14.128,0.0
2025-10-24 16:38:14.138,0.0
2025-10-24 16:38:14.148,0.0
2025-10-24 16:38:14.158,0.0
2025-10-24 16:38:14.168,0.0
2025-10-24 16:38:14.178,0.0
2025-10-24 16:38:14.188,0.0
2025-10-24 16:38:14.198,0.0
2025-10-24 16:38:14.208,0.0
2025-10-24 16:38:14.218,0.0
2025-10-24 16:38:14.229,0.0
2025-10-24 16:38:14.239,0.0
2025-10-24 16:38:14.249,0.0
2025-10-24 16:38:14.259,0.0
2025-10-24 16:38:14.269,0.0
2025-10-24 16:38:14.279,0.0
2025-10-24 16:38:14.289,0.0
2025-10-24 16:38:14.299,0.0
2025-10-24 16:38:14.309,0.0
2025-10-24 16:38:14.319,0.0
2025-10-24 16:38:14.329,0.0
2025-10-24 16:38:14.339,0.0
2025-10-24 16:38:14.350,0.0
2025-10-24 16:38:14.360,0.0
2025-10-24 16:38:14.370,0.0
2025-10-24 16:38:14.380,0.0
2025-10-24 16:38:14.390,0.0
2025-10-24 16:38:14.400,0.0
2025-10-24 16:38:14.411,0.0
2025-10-24 16:38:14.421,0.0
2025-10-24 16:38:14.431,0.0
2025-10-24 16:38:14.441,0.0
2025-10-24 16:38:14.451,0.0
2025-10-24 16:38:14.461,0.0
2025-10-24 16:38:14.472,0.0
2025-10-24 16:38:14.482,0.0
2025-10-24 16:38:14.492,0.0
2025-10-24 16:38:14.502,0.0
2025-10-24 16:38:14.512,0.0
2025-10-24 16:38:14.522,0.0
2025-10-24 16:38:14.533,0.0
2025-10-24 16:38:14.543,0.0
2025-10-24 16:38:14.553,0.0
2025-10-24 16:38:14.563,0.0
2025-10-24 16:38:14.573,0.0
2025-10-24 16:38:14.583,0.0
2025-10-24 16:38:14.593,0.0
2025-10-24 16:38:14.604,0.0
2025-10-24 16:38:14.614,0.0
2025-10-24 16:38:14.624,0.0
2025-10-24 16:38:14.634,0.0
2025-10-24 16:38:14.644,0.0
2025-10-24 16:38:14.655,0.0
2025-10-24 16:38:14.665,0.0
2025-10-24 16:38:14.675,0.0
2025-10-24 16:38:14.685,0.0
2025-10-24 16:38:14.695,0.0
2025-10-24 16:38:14.705,0.0
2025-10-24 16:38:14.715,0.0
2025-10-24 16:38:14.726,0.0
2025-10-24 16:38:14.736,0.0
2025-10-24 16:38:14.746,0.0
2025-10-24 16:38:14.756,0.0
2025-10-24 16:38:14.766,0.0
2025-10-24 16:38:14.777,0.0
2025-10-24 16:38:14.787,0.0
2025-10-24 16:38:14.797,0.0
2025-10-24 16:38:14.807,0.0
2025-10-24 16:38:14.817,0.0
2025-10-24 16:38:14.827,0.0
2025-10-24 16:38:14.838,0.0
2025-10-24 16:38:14.848,0.0
2025-10-24 16:38:14.858,0.0
2025-10-24 16:38:14.868,0.0
2025-10-24 16:38:14.878,0.0
2025-10-24 16:38:14.888,0.0
2025-10-24 16:38:14.899,0.0
2025-10-24 16:38:14.909,0.0
2025-10-24 16:38:14.919,0.0
2025-10-24 16:38:14.929,0.0
2025-10-24 16:38:14.939,0.0
2025-10-24 16:38:14.949,0.0
2025-10-24 16:38:14.960,0.0
2025-10-24 16:38:14.970,0.0
2025-10-24 16:38:14.980,0.0
2025-10-24 16:38:14.990,0.0
2025-10-24 16:38:15.000,0.0
2025-10-24 16:38:15.010,0.0
2025-10-24 16:38:15.020,0.0
2025-10-24 16:38:15.031,0.0
2025-10-24 16:38:15.041,0.0
2025-10-24 16:38:15.051,0.0
2025-10-24 16:38:15.061,0.0
2025-10-24 16:38:15.071,0.0
2025-10-24 16:38:15.081,0.0
2025-10-24 16:38:15.092,0.0
2025-10-24 16:38:15.102,0.0
2025-10-24 16:38:15.112,0.0
2025-10-24 16:38:15.122,0.0
2025-10-24 16:38:15.132,0.0
2025-10-24 16:38:15.142,0.0
2025-10-24 16:38:15.153,0.0
2025-10-24 16:38:15.163,0.0
2025-10-24 16:38:15.173,0.0
2025-10-24 16:38:15.183,0.0
2025-10-24 16:38:15.193,0.0
2025-10-24 16:38:15.204,0.0
2025-10-24 16:38:15.214,0.0
2025-10-24 16:38:15.224,0.0
2025-10-24 16:38:15.234,0.0
2025-10-24 16:38:15.244,0.0
2025-10-24 16:38:15.254,0.0
2025-10-24 16:38:15.264,0.0
2025-10-24 16:38:15.275,0.0
2025-10-24 16:38:15.285,0.0
2025-10-24 16:38:15.295,0.0
2025-10-24 16:38:15.305,0.0
2025-10-24 16:38:15.315,0.0
2025-10-24 16:38:15.326,0.0
2025-10-24 16:38:15.336,0.0
2025-10-24 16:38:15.346,0.0
2025-10-24 16:38:15.356,0.0
2025-10-24 16:38:15.366,0.0
2025-10-24 16:38:15.376,0.0
2025-10-24 16:38:15.387,0.0
2025-10-24 16:38:15.397,0.0
2025-10-24 16:38:15.407,0.0
2025-10-24 16:38:15.417,0.0
2025-10-24 16:38:15.427,0.0
2025-10-24 16:38:15.437,0.0
2025-10-24 16:38:15.447,0.0
2025-10-24 16:38:15.458,0.0
2025-10-24 16:38:15.468,0.0
2025-10-24 16:38:15.478,0.0
2025-10-24 16:38:15.488,0.0
2025-10-24 16:38:15.498,0.0
2025-10-24 16:38:15.508,0.0
2025-10-24 16:38:15.519,0.0
2025-10-24 16:38:15.529,0.0
2025-10-24 16:38:15.539,0.0
2025-10-24 16:38:15.549,0.0
2025-10-24 16:38:15.559,0.0
2025-10-24 16:38:15.569,0.0
2025-10-24 16:38:15.580,0.0
2025-10-24 16:38:15.590,0.0
2025-10-24 16:38:15.600,0.0
2025-10-24 16:38:15.610,0.0
2025-10-24 16:38:15.620,0.0
2025-10-24 16:38:15.631,0.0
2025-10-24 16:38:15.641,0.0
2025-10-24 16:38:15.651,0.0
2025-10-24 16:38:15.661,0.0
2025-10-24 16:38:15.671,0.0
2025-10-24 16:38:15.681,0.0
2025-10-24 16:38:15.691,0.0
2025-10-24 16:38:15.702,0.0
2025-10-24 16:38:15.712,0.0
2025-10-24 16:38:15.722,0.0
2025-10-24 16:38:15.732,0.0
2025-10-24 16:38:15.742,0.0
2025-10-24 16:38:15.753,0.0
2025-10-24 16:38:15.763,0.0
2025-10-24 16:38:15.773,0.0
2025-10-24 16:38:15.783,0.0
2025-10-24 16:38:15.793,0.0
2025-10-24 16:38:15.803,0.0
2025-10-24 16:38:15.814,0.0
2025-10-24 16:38:15.824,0.0
2025-10-24 16:38:15.834,0.0
2025-10-24 16:38:15.844,0.0
2025-10-24 16:38:15.854,0.0
2025-10-24 16:38:15.864,0.0
2025-10-24 16:38:15.875,0.0
2025-10-24 16:38:15.885,0.0
2025-10-24 16:38:15.895,0.0
2025-10-24 16:38:15.905,0.0
2025-10-24 16:38:15.915,0.0
2025-10-24 16:38:15.925,0.0
2025-10-24 16:38:15.935,0.0
2025-10-24 16:38:15.946,0.0
2025-10-24 16:38:15.956,0.0
2025-10-24 16:38:15.966,0.0
2025-10-24 16:38:15.976,0.0
2025-10-24 16:38:15.986,0.0
2025-10-24 16:38:15.996,0.0
2025-10-24 16:38:16.007,0.0
2025-10-24 16:38:16.017,0.0
2025-10-24 16:38:16.027,0.0
2025-10-24 16:38:16.037,0.0
2025-10-24 16:38:16.047,0.0
2025-10-24 16:38:16.058,0.0
2025-10-24 16:38:16.068,0.0
2025-10-24 16:38:16.078,0.0
2025-10-24 16:38:16.088,0.0
2025-10-24 16:38:16.098,0.0
2025-10-24 16:38:16.108,0.0
2025-10-24 16:38:16.118,0.0
2025-10-24 16:38:16.129,0.0
2025-10-24 16:38:16.139,0.0
2025-10-24 16:38:16.149,0.0
2025-10-24 16:38:16.159,0.0
2025-10-24 16:38:16.169,0.0
2025-10-24 16:38:16.180,0.0
2025-10-24 16:38:16.190,0.0
2025-10-24 16:38:16.200,0.0
2025-10-24 16:38:16.210,0.0
2025-10-24 16:38:16.220,0.0
2025-10-24 16:38:16.230,0.0
2025-10-24 16:38:16.241,0.0
2025-10-24 16:38:16.251,0.0
2025-10-24 16:38:16.261,0.0
2025-10-24 16:38:16.271,0.0
2025-10-24 16:38:16.281,0.0
2025-10-24 16:38:16.291,0.0
2025-10-24 16:38:16.302,0.0
2025-10-24 16:38:16.312,0.0
2025-10-24 16:38:16.322,0.0
2025-10-24 16:38:16.332,0.0
2025-10-24 16:38:16.342,0.0
2025-10-24 16:38:16.352,0.0
2025-10-24 16:38:16.363,0.0
2025-10-24 16:38:16.373,0.0
2025-10-24 16:38:16.383,0.0
2025-10-24 16:38:16.393,0.0
2025-10-24 16:38:16.403,0.0
2025-10-24 16:38:16.413,0.0
2025-10-24 16:38:16.423,0.0
2025-10-24 16:38:16.434,0.0
2025-10-24 16:38:16.444,0.0
2025-10-24 16:38:16.454,0.0
2025-10-24 16:38:16.464,0.0
2025-10-24 16:38:16.474,0.0
2025-10-24 16:38:16.485,0.0
2025-10-24 16:38:16.495,0.0
2025-10-24 16:38:16.505,0.0
2025-10-24 16:38:16.515,0.0
2025-10-24 16:38:16.525,0.0
2025-10-24 16:38:16.535,0.0
2025-10-24 16:38:16.545,0.0
2025-10-24 16:38:16.556,0.0
2025-10-24 16:38:16.566,0.0
2025-10-24 16:38:16.576,0.0
2025-10-24 16:38:16.586,0.0
2025-10-24 16:38:16.596,0.0
2025-10-24 16:38:16.607,0.0
2025-10-24 16:38:16.617,0.0
2025-10-24 16:38:16.627,0.0
2025-10-24 16:38:16.637,0.0
2025-10-24 16:38:16.647,0.0
2025-10-24 16:38:16.657,0.0
2025-10-24 16:38:16.667,0.0
2025-10-24 16:38:16.678,0.0
2025-10-24 16:38:16.688,0.0
2025-10-24 16:38:16.698,0.0
2025-10-24 16:38:16.708,0.0
2025-10-24 16:38:16.718,0.0
2025-10-24 16:38:16.729,0.0
2025-10-24 16:38:16.739,0.0
2025-10-24 16:38:16.749,0.0
2025-10-24 16:38:16.759,0.0
2025-10-24 16:38:16.769,0.0
2025-10-24 16:38:16.779,0.0
2025-10-24 16:38:16.790,0.0
2025-10-24 16:38:16.800,0.0
2025-10-24 16:38:16.810,0.0
2025-10-24 16:38:16.820,0.0
2025-10-24 16:38:16.830,0.0
2025-10-24 16:38:16.840,0.0
2025-10-24 16:38:16.850,0.0
2025-10-24 16:38:16.860,0.0
2025-10-24 16:38:16.870,0.0
2025-10-24 16:38:16.880,0.0
2025-10-24 16:38:16.890,0.0
2025-10-24 16:38:16.900,0.0
2025-10-24 16:38:16.910,0.0
2025-10-24 16:38:16.921,0.0
2025-10-24 16:38:16.931,0.0
2025-10-24 16:38:16.941,0.0
2025-10-24 16:38:16.951,0.0
2025-10-24 16:38:16.961,0.0
2025-10-24 16:38:16.971,0.0
2025-10-24 16:38:16.981,0.0
2025-10-24 16:38:16.991,0.0
2025-10-24 16:38:17.001,0.0
2025-10-24 16:38:17.011,0.0
2025-10-24 16:38:17.021,0.0
2025-10-24 16:38:17.031,0.0
2025-10-24 16:38:17.042,0.0
2025-10-24 16:38:17.052,0.0
2025-10-24 16:38:17.062,0.0
2025-10-24 16:38:17.072,0.0
2025-10-24 16:38:17.082,0.0
2025-10-24 16:38:17.092,0.0
2025-10-24 16:38:17.102,0.0
2025-10-24 16:38:17.112,0.0
2025-10-24 16:38:17.122,0.0
2025-10-24 16:38:17.132,0.0
2025-10-24 16:38:17.142,0.0
2025-10-24 16:38:17.152,0.0
2025-10-24 16:38:17.163,0.0
2025-10-24 16:38:17.173,0.0
2025-10-24 16:38:17.183,0.0
2025-10-24 16:38:17.193,0.0
2025-10-24 16:38:17.203,0.0
2025-10-24 16:38:17.213,0.0
2025-10-24 16:38:17.223,0.0
2025-10-24 16:38:17.233,0.0
2025-10-24 16:38:17.243,0.0
2025-10-24 16:38:17.253,0.0
2025-10-24 16:38:17.263,0.0
2025-10-24 16:38:17.274,0.0
2025-10-24 16:38:17.284,0.0
2025-10-24 16:38:17.294,0.0
2025-10-24 16:38:17.304,0.0
2025-10-24 16:38:17.314,0.0
2025-10-24 16:38:17.324,0.0
2025-10-24 16:38:17.334,0.0
2025-10-24 16:38:17.344,0.0
2025-10-24 16:38:17.354,0.0
2025-10-24 16:38:17.364,0.0
2025-10-24 16:38:17.374,0.0
2025-10-24 16:38:17.384,0.0
2025-10-24 16:38:17.395,0.0
2025-10-24 16:38:17.405,0.0
2025-10-24 16:38:17.415,0.0
2025-10-24 16:38:17.425,0.0
2025-10-24 16:38:17.435,0.0
2025-10-24 16:38:17.445,0.0
2025-10-24 16:38:17.455,0.0
2025-10-24 16:38:17.465,0.0
2025-10-24 16:38:17.475,0.0
2025-10-24 16:38:17.485,0.0
2025-10-24 16:38:17.495,0.0
2025-10-24 16:38:17.505,0.0
2025-10-24 16:38:17.516,0.0
2025-10-24 16:38:17.526,0.0
2025-10-24 16:38:17.536,0.0
2025-10-24 16:38:17.546,0.0
2025-10-24 16:38:17.556,0.0
2025-10-24 16:38:17.566,0.0
2025-10-24 16:38:17.576,0.0
2025-10-24 16:38:17.586,0.0
2025-10-24 16:38:17.596,0.0
2025-10-24 16:38:17.606,0.0
2025-10-24 16:38:17.616,0.0
2025-10-24 16:38:17.626,0.0
2025-10-24 16:38:17.637,0.0
2025-10-24 16:38:17.647,0.0
2025-10-24 16:38:17.657,0.0
2025-10-24 16:38:17.667,0.0
2025-10-24 16:38:17.677,0.0
2025-10-24 16:38:17.687,0.0
2025-10-24 16:38:17.697,0.0
2025-10-24 16:38:17.707,0.0
2025-10-24 16:38:17.717,0.0
2025-10-24 16:38:17.727,0.0
2025-10-24 16:38:17.737,0.0
2025-10-24 16:38:17.747,0.0
2025-10-24 16:38:17.757,0.0
2025-10-24 16:38:17.768,0.0
2025-10-24 16:38:17.778,0.0
2025-10-24 16:38:17.788,0.0
2025-10-24 16:38:17.798,0.0
2025-10-24 16:38:17.808,0.0
2025-10-24 16:38:17.818,0.0
2025-10-24 16:38:17.828,0.0
2025-10-24 16:38:17.838,0.0
2025-10-24 16:38:17.848,0.0
2025-10-24 16:38:17.858,0.0
2025-10-24 16:38:17.868,0.0
2025-10-24 16:38:17.878,0.0
2025-10-24 16:38:17.889,0.0
2025-10-24 16:38:17.899,0.0
2025-10-24 16:38:17.909,0.0
2025-10-24 16:38:17.919,0.0
2025-10-24 16:38:17.929,0.0
2025-10-24 16:38:17.939,0.0
2025-10-24 16:38:17.949,0.0
2025-10-24 16:38:17.959,0.0
2025-10-24 16:38:17.969,0.0
2025-10-24 16:38:17.979,0.0
2025-10-24 16:38:17.989,0.0
2025-10-24 16:38:18.000,0.0
2025-10-24 16:38:18.010,0.0
2025-10-24 16:38:18.020,0.0
2025-10-24 16:38:18.030,0.0
2025-10-24 16:38:18.040,0.0
2025-10-24 16:38:18.050,0.0
2025-10-24 16:38:18.060,0.0
2025-10-24 16:38:18.070,0.0
2025-10-24 16:38:18.080,0.0
2025-10-24 16:38:18.090,0.0
2025-10-24 16:38:18.100,0.0
2025-10-24 16:38:18.110,0.0
2025-10-24 16:38:18.121,0.0
2025-10-24 16:38:18.131,0.0
2025-10-24 16:38:18.141,0.0
2025-10-24 16:38:18.151,0.0
2025-10-24 16:38:18.161,0.0
2025-10-24 16:38:18.171,0.0
2025-10-24 16:38:18.181,0.0
2025-10-24 16:38:18.191,0.0
2025-10-24 16:38:18.201,0.0
2025-10-24 16:38:18.211,0.0
2025-10-24 16:38:18.221,0.0
2025-10-24 16:38:18.231,0.0
2025-10-24 16:38:18.242,0.0
2025-10-24 16:38:18.252,0.0
2025-10-24 16:38:18.262,0.0
2025-10-24 16:38:18.272,0.0
2025-10-24 16:38:18.282,0.0
2025-10-24 16:38:18.292,0.0
2025-10-24 16:38:18.302,0.0
2025-10-24 16:38:18.312,0.0
2025-10-24 16:38:18.322,0.0
2025-10-24 16:38:18.332,0.0
2025-10-24 16:38:18.342,0.0
2025-10-24 16:38:18.352,0.0
2025-10-24 16:38:18.362,0.0
2025-10-24 16:38:18.373,0.0
2025-10-24 16:38:18.383,0.0
2025-10-24 16:38:18.393,0.0
2025-10-24 16:38:18.403,0.0
2025-10-24 16:38:18.413,0.0
2025-10-24 16:38:18.423,0.0
2025-10-24 16:38:18.433,0.0
2025-10-24 16:38:18.443,0.0
2025-10-24 16:38:18.453,0.0
2025-10-24 16:38:18.463,0.0
2025-10-24 16:38:18.473,0.0
2025-10-24 16:38:18.483,0.0
2025-10-24 16:38:18.494,0.0
2025-10-24 16:38:18.504,0.0
2025-10-24 16:38:18.514,0.0
2025-10-24 16:38:18.524,0.0
2025-10-24 16:38:18.534,0.0
2025-10-24 16:38:18.544,0.0
2025-10-24 16:38:18.554,0.0
2025-10-24 16:38:18.564,0.0
2025-10-24 16:38:18.574,0.0
2025-10-24 16:38:18.584,0.0
2025-10-24 16:38:18.594,0.0
2025-10-24 16:38:18.604,0.0
2025-10-24 16:38:18.615,0.0
2025-10-24 16:38:18.625,0.0
2025-10-24 16:38:18.635,0.0
2025-10-24 16:38:18.645,0.0
2025-10-24 16:38:18.655,0.0
2025-10-24 16:38:18.665,0.0
2025-10-24 16:38:18.675,0.0
2025-10-24 16:38:18.685,0.0
2025-10-24 16:38:18.695,0.0
2025-10-24 16:38:18.705,0.0
2025-10-24 16:38:18.715,0.0
2025-10-24 16:38:18.725,0.0
2025-10-24 16:38:18.736,0.0
2025-10-24 16:38:18.746,0.0
2025-10-24 16:38:18.756,0.0
2025-10-24 16:38:18.766,0.0
2025-10-24 16:38:18.776,0.0
2025-10-24 16:38:18.786,0.0
2025-10-24 16:38:18.796,0.0
2025-10-24 16:38:18.806,0.0
2025-10-24 16:38:18.816,0.0
2025-10-24 16:38:18.826,0.0
2025-10-24 16:38:18.836,0.0
2025-10-24 16:38:18.847,0.0
2025-10-24 16:38:18.857,0.0
2025-10-24 16:38:18.867,0.0
2025-10-24 16:38:18.877,0.0
2025-10-24 16:38:18.887,0.0
2025-10-24 16:38:18.897,0.0
2025-10-24 16:38:18.907,0.0
2025-10-24 16:38:18.917,0.0
2025-10-24 16:38:18.927,0.0
2025-10-24 16:38:18.937,0.0
2025-10-24 16:38:18.947,0.0
2025-10-24 16:38:18.957,0.0
2025-10-24 16:38:18.968,0.0
2025-10-24 16:38:18.978,0.0
2025-10-24 16:38:18.988,0.0
2025-10-24 16:38:18.998,0.0
2025-10-24 16:38:19.008,0.0
2025-10-24 16:38:19.018,0.0
2025-10-24 16:38:19.028,0.0
2025-10-24 16:38:19.038,0.0
2025-10-24 16:38:19.048,0.0
2025-10-24 16:38:19.058,0.0
2025-10-24 16:38:19.068,0.0
2025-10-24 16:38:19.078,0.0
2025-10-24 16:38:19.089,0.0
2025-10-24 16:38:19.099,0.0
2025-10-24 16:38:19.109,0.0
2025-10-24 16:38:19.119,0.0
2025-10-24 16:38:19.129,0.0
2025-10-24 16:38:19.139,0.0
2025-10-24 16:38:19.149,0.0
2025-10-24 16:38:19.159,0.0
2025-10-24 16:38:19.169,0.0
2025-10-24 16:38:19.179,0.0
2025-10-24 16:38:19.189,0.0
2025-10-24 16:38:19.199,0.0
2025-10-24 16:38:19.209,0.0
2025-10-24 16:38:19.220,0.0
2025-10-24 16:38:19.230,0.0
2025-10-24 16:38:19.240,0.0
2025-10-24 16:38:19.250,0.0
2025-10-24 16:38:19.260,0.0
2025-10-24 16:38:19.270,0.0
2025-10-24 16:38:19.281,0.0
2025-10-24 16:38:19.291,0.0
2025-10-24 16:38:19.301,0.0
2025-10-24 16:38:19.311,0.0
2025-10-24 16:38:19.321,0.0
2025-10-24 16:38:19.332,0.0
2025-10-24 16:38:19.342,0.0
2025-10-24 16:38:19.352,0.0
2025-10-24 16:38:19.362,0.0
2025-10-24 16:38:19.372,0.0
2025-10-24 16:38:19.382,0.0
2025-10-24 16:38:19.392,0.0
2025-10-24 16:38:19.403,0.0
2025-10-24 16:38:19.413,0.0
2025-10-24 16:38:19.423,0.0
2025-10-24 16:38:19.433,0.0
2025-10-24 16:38:19.443,0.0
2025-10-24 16:38:19.454,0.0
2025-10-24 16:38:19.464,0.0
2025-10-24 16:38:19.474,0.0
2025-10-24 16:38:19.484,0.0
2025-10-24 16:38:19.494,0.0
2025-10-24 16:38:19.504,0.0
2025-10-24 16:38:19.514,0.0
2025-10-24 16:38:19.525,0.0
2025-10-24 16:38:19.535,0.0
2025-10-24 16:38:19.545,0.0
2025-10-24 16:38:19.555,0.0
2025-10-24 16:38:19.565,0.0
2025-10-24 16:38:19.576,0.0
2025-10-24 16:38:19.586,0.0
2025-10-24 16:38:19.596,0.0
2025-10-24 16:38:19.606,0.0
2025-10-24 16:38:19.616,0.0
2025-10-24 16:38:19.626,0.0
2025-10-24 16:38:19.637,0.0
2025-10-24 16:38:19.647,0.0
2025-10-24 16:38:19.657,0.0
2025-10-24 16:38:19.667,0.0
2025-10-24 16:38:19.677,0.0
2025-10-24 16:38:19.687,0.0
2025-10-24 16:38:19.697,0.0
2025-10-24 16:38:19.708,0.0
2025-10-24 16:38:19.718,0.0
2025-10-24 16:38:19.728,0.0
2025-10-24 16:38:19.738,0.0
2025-10-24 16:38:19.748,0.0
2025-10-24 16:38:19.759,0.0
2025-10-24 16:38:19.769,0.0
2025-10-24 16:38:19.779,0.0
2025-10-24 16:38:19.789,0.0
2025-10-24 16:38:19.799,0.0
2025-10-24 16:38:19.809,0.0
2025-10-24 16:38:19.819,0.0
2025-10-24 16:38:19.830,0.0
2025-10-24 16:38:19.840,0.0
2025-10-24 16:38:19.850,0.0
2025-10-24 16:38:19.860,0.0
2025-10-24 16:38:19.870,0.0
2025-10-24 16:38:19.881,0.0
2025-10-24 16:38:19.891,0.0
2025-10-24 16:38:19.901,0.0
2025-10-24 16:38:19.911,0.0
2025-10-24 16:38:19.921,0.0
2025-10-24 16:38:19.931,0.0
2025-10-24 16:38:19.941,0.0
2025-10-24 16:38:19.952,0.0
2025-10-24 16:38:19.962,0.0
2025-10-24 16:38:19.972,0.0
2025-10-24 16:38:19.982,0.0
2025-10-24 16:38:19.992,0.0
2025-10-24 16:38:20.003,0.0
2025-10-24 16:38:20.013,0.0
2025-10-24 16:38:20.023,0.0
2025-10-24 16:38:20.033,0.0
2025-10-24 16:38:20.043,0.0
2025-10-24 16:38:20.053,0.0
2025-10-24 16:38:20.063,0.0
2025-10-24 16:38:20.074,0.0
2025-10-24 16:38:20.084,0.0
2025-10-24 16:38:20.094,0.0
2025-10-24 16:38:20.104,0.0
2025-10-24 16:38:20.114,0.0
2025-10-24 16:38:20.125,0.0
2025-10-24 16:38:20.135,0.0
2025-10-24 16:38:20.145,0.0
2025-10-24 16:38:20.155,0.0
2025-10-24 16:38:20.165,0.0
2025-10-24 16:38:20.175,0.0
2025-10-24 16:38:20.186,0.0
2025-10-24 16:38:20.196,0.0
2025-10-24 16:38:20.206,0.0
2025-10-24 16:38:20.216,0.0
2025-10-24 16:38:20.226,0.0
2025-10-24 16:38:20.236,0.0
2025-10-24 16:38:20.246,0.0
2025-10-24 16:38:20.257,0.0
2025-10-24 16:38:20.267,0.0
2025-10-24 16:38:20.277,0.0
2025-10-24 16:38:20.287,0.0
2025-10-24 16:38:20.297,0.0
2025-10-24 16:38:20.308,0.0
2025-10-24 16:38:20.318,0.0
2025-10-24 16:38:20.328,0.0
2025-10-24 16:38:20.338,0.0
2025-10-24 16:38:20.348,0.0
2025-10-24 16:38:20.358,0.0
2025-10-24 16:38:20.368,0.0
2025-10-24 16:38:20.379,0.0
2025-10-24 16:38:20.389,0.0
2025-10-24 16:38:20.399,0.0
2025-10-24 16:38:20.409,0.0
2025-10-24 16:38:20.419,0.0
2025-10-24 16:38:20.430,0.0
2025-10-24 16:38:20.440,0.0
2025-10-24 16:38:20.450,0.0
2025-10-24 16:38:20.460,0.0
2025-10-24 16:38:20.470,0.0
2025-10-24 16:38:20.480,0.0
2025-10-24 16:38:20.490,0.0
2025-10-24 16:38:20.500,0.0
2025-10-24 16:38:20.510,0.0
2025-10-24 16:38:20.520,0.0
2025-10-24 16:38:20.530,0.0
2025-10-24 16:38:20.540,0.0
2025-10-24 16:38:20.551,0.0
2025-10-24 16:38:20.561,0.0
2025-10-24 16:38:20.571,0.0
2025-10-24 16:38:20.581,0.0
2025-10-24 16:38:20.591,0.0
2025-10-24 16:38:20.601,0.0
2025-10-24 16:38:20.611,0.0
2025-10-24 16:38:20.621,0.0
2025-10-24 16:38:20.631,0.0
2025-10-24 16:38:20.641,0.0
2025-10-24 16:38:20.651,0.0
2025-10-24 16:38:20.661,0.0
2025-10-24 16:38:20.672,0.0
2025-10-24 16:38:20.682,0.0
2025-10-24 16:38:20.692,0.0
2025-10-24 16:38:20.702,0.0
2025-10-24 16:38:20.712,0.0
2025-10-24 16:38:20.722,0.0
2025-10-24 16:38:20.732,0.0
2025-10-24 16:38:20.742,0.0
2025-10-24 16:38:20.752,0.0
2025-10-24 16:38:20.762,0.0
2025-10-24 16:38:20.772,0.0
2025-10-24 16:38:20.782,0.0
2025-10-24 16:38:20.792,0.0
2025-10-24 16:38:20.803,0.0
2025-10-24 16:38:20.813,0.0
2025-10-24 16:38:20.823,0.0
2025-10-24 16:38:20.833,0.0
2025-10-24 16:38:20.843,0.0
2025-10-24 16:38:20.853,0.0
2025-10-24 16:38:20.863,0.0
2025-10-24 16:38:20.873,0.0
2025-10-24 16:38:20.883,0.0
2025-10-24 16:38:20.893,0.0
2025-10-24 16:38:20.903,0.0
2025-10-24 16:38:20.913,0.0
2025-10-24 16:38:20.924,0.0
2025-10-24 16:38:20.934,0.0
2025-10-24 16:38:20.944,0.0
2025-10-24 16:38:20.954,0.0
2025-10-24 16:38:20.964,0.0
2025-10-24 16:38:20.974,0.0
2025-10-24 16:38:20.984,0.0
2025-10-24 16:38:20.994,0.0
2025-10-24 16:38:21.004,0.0
2025-10-24 16:38:21.014,0.0
2025-10-24 16:38:21.024,0.0
2025-10-24 16:38:21.034,0.0
2025-10-24 16:38:21.045,0.0
2025-10-24 16:38:21.055,0.0
2025-10-24 16:38:21.065,0.0
2025-10-24 16:38:21.075,0.0
2025-10-24 16:38:21.085,0.0
2025-10-24 16:38:21.095,0.0
2025-10-24 16:38:21.105,0.0
2025-10-24 16:38:21.115,0.0
2025-10-24 16:38:21.125,0.0
2025-10-24 16:38:21.135,0.0
2025-10-24 16:38:21.145,0.0
2025-10-24 16:38:21.156,0.0
2025-10-24 16:38:21.166,0.0
2025-10-24 16:38:21.176,0.0
2025-10-24 16:38:21.186,0.0
2025-10-24 16:38:21.196,0.0
2025-10-24 16:38:21.206,0.0
2025-10-24 16:38:21.216,0.0
2025-10-24 16:38:21.226,0.0
2025-10-24 16:38:21.236,0.0
2025-10-24 16:38:21.246,0.0
2025-10-24 16:38:21.256,0.0
2025-10-24 16:38:21.266,0.0
2025-10-24 16:38:21.277,0.0
2025-10-24 16:38:21.287,0.0
2025-10-24 16:38:21.297,0.0
2025-10-24 16:38:21.307,0.0
2025-10-24 16:38:21.317,0.0
2025-10-24 16:38:21.327,0.0
2025-10-24 16:38:21.337,0.0
2025-10-24 16:38:21.347,0.0
2025-10-24 16:38:21.357,0.0
2025-10-24 16:38:21.367,0.0
2025-10-24 16:38:21.377,0.0
2025-10-24 16:38:21.387,0.0
2025-10-24 16:38:21.398,0.0
2025-10-24 16:38:21.408,0.0
2025-10-24 16:38:21.418,0.0
2025-10-24 16:38:21.428,0.0
2025-10-24 16:38:21.438,0.0
2025-10-24 16:38:21.448,0.0
2025-10-24 16:38:21.458,0.0
2025-10-24 16:38:21.468,0.0
2025-10-24 16:38:21.478,0.0
2025-10-24 16:38:21.488,0.0
2025-10-24 16:38:21.498,0.0
2025-10-24 16:38:21.508,0.0
2025-10-24 16:38:21.519,0.0
2025-10-24 16:38:21.529,0.0
2025-10-24 16:38:21.539,0.0
2025-10-24 16:38:21.549,0.0
2025-10-24 16:38:21.559,0.0
2025-10-24 16:38:21.569,0.0
2025-10-24 16:38:21.579,0.0
2025-10-24 16:38:21.589,0.0
2025-10-24 16:38:21.599,0.0
2025-10-24 16:38:21.609,0.0
2025-10-24 16:38:21.619,0.0
2025-10-24 16:38:21.629,0.0
2025-10-24 16:38:21.639,0.0
2025-10-24 16:38:21.650,0.0
2025-10-24 16:38:21.660,0.0
2025-10-24 16:38:21.670,0.0
2025-10-24 16:38:21.680,0.0
2025-10-24 16:38:21.690,0.0
2025-10-24 16:38:21.701,0.0
2025-10-24 16:38:21.711,0.0
2025-10-24 16:38:21.721,0.0
2025-10-24 16:38:21.731,0.0
2025-10-24 16:38:21.741,0.0
2025-10-24 16:38:21.751,0.0
2025-10-24 16:38:21.762,0.0
2025-10-24 16:38:21.772,0.0
2025-10-24 16:38:21.782,0.0
2025-10-24 16:38:21.792,0.0
2025-10-24 16:38:21.802,0.0
2025-10-24 16:38:21.812,0.0
2025-10-24 16:38:21.822,0.0
2025-10-24 16:38:21.833,0.0
2025-10-24 16:38:21.843,0.0
2025-10-24 16:38:21.853,0.0
2025-10-24 16:38:21.863,0.0
2025-10-24 16:38:21.873,0.0
2025-10-24 16:38:21.884,0.0
2025-10-24 16:38:21.894,0.0
2025-10-24 16:38:21.904,0.0
2025-10-24 16:38:21.914,0.0
2025-10-24 16:38:21.924,0.0
2025-10-24 16:38:21.934,0.0
2025-10-24 16:38:21.944,0.0
2025-10-24 16:38:21.955,0.0
2025-10-24 16:38:21.965,0.0
2025-10-24 16:38:21.975,0.0
2025-10-24 16:38:21.985,0.0
2025-10-24 16:38:21.995,0.0
2025-10-24 16:38:22.006,0.0
2025-10-24 16:38:22.016,0.0
2025-10-24 16:38:22.026,0.0
2025-10-24 16:38:22.036,0.0
2025-10-24 16:38:22.046,0.0
2025-10-24 16:38:22.056,0.0
2025-10-24 16:38:22.066,0.0
2025-10-24 16:38:22.077,0.0
2025-10-24 16:38:22.087,0.0
2025-10-24 16:38:22.097,0.0
2025-10-24 16:38:22.107,0.0
2025-10-24 16:38:22.117,0.0
2025-10-24 16:38:22.128,0.0
2025-10-24 16:38:22.138,0.0
2025-10-24 16:38:22.148,0.0
2025-10-24 16:38:22.158,0.0
2025-10-24 16:38:22.168,0.0
2025-10-24 16:38:22.178,0.0
2025-10-24 16:38:22.188,0.0
2025-10-24 16:38:22.199,0.0
2025-10-24 16:38:22.209,0.0
2025-10-24 16:38:22.219,0.0
2025-10-24 16:38:22.229,0.0
2025-10-24 16:38:22.239,0.0
2025-10-24 16:38:22.250,0.0
2025-10-24 16:38:22.260,0.0
2025-10-24 16:38:22.270,0.0
2025-10-24 16:38:22.280,0.0
2025-10-24 16:38:22.290,0.0
2025-10-24 16:38:22.300,0.0
2025-10-24 16:38:22.311,0.0
2025-10-24 16:38:22.321,0.0
2025-10-24 16:38:22.331,0.0
2025-10-24 16:38:22.341,0.0
2025-10-24 16:38:22.351,0.0
2025-10-24 16:38:22.361,0.0
2025-10-24 16:38:22.371,0.0
2025-10-24 16:38:22.382,0.0
2025-10-24 16:38:22.392,0.0
2025-10-24 16:38:22.402,0.0
2025-10-24 16:38:22.412,0.0
2025-10-24 16:38:22.422,0.0
2025-10-24 16:38:22.433,0.0
2025-10-24 16:38:22.443,0.0
2025-10-24 16:38:22.453,0.0
2025-10-24 16:38:22.463,0.0
2025-10-24 16:38:22.473,0.0
2025-10-24 16:38:22.483,0.0
2025-10-24 16:38:22.493,0.0
2025-10-24 16:38:22.504,0.0
2025-10-24 16:38:22.514,0.0
2025-10-24 16:38:22.524,0.0
2025-10-24 16:38:22.534,0.0
2025-10-24 16:38:22.544,0.0
2025-10-24 16:38:22.555,0.0
2025-10-24 16:38:22.565,0.0
2025-10-24 16:38:22.575,0.0
2025-10-24 16:38:22.585,0.0
2025-10-24 16:38:22.595,0.0
2025-10-24 16:38:22.605,0.0
2025-10-24 16:38:22.615,0.0
2025-10-24 16:38:22.626,0.0
2025-10-24 16:38:22.636,0.0
2025-10-24 16:38:22.646,0.0
2025-10-24 16:38:22.656,0.0
2025-10-24 16:38:22.666,0.0
2025-10-24 16:38:22.677,0.0
2025-10-24 16:38:22.687,0.0
2025-10-24 16:38:22.697,0.0
2025-10-24 16:38:22.707,0.0
2025-10-24 16:38:22.717,0.0
2025-10-24 16:38:22.727,0.0
2025-10-24 16:38:22.737,0.0
2025-10-24 16:38:22.748,0.0
2025-10-24 16:38:22.758,0.0
2025-10-24 16:38:22.768,0.0
2025-10-24 16:38:22.778,0.0
2025-10-24 16:38:22.788,0.0
2025-10-24 16:38:22.798,0.0
2025-10-24 16:38:22.809,0.0
2025-10-24 16:38:22.819,0.0
2025-10-24 16:38:22.829,0.0
2025-10-24 16:38:22.839,0.0
2025-10-24 16:38:22.849,0.0
2025-10-24 16:38:22.860,0.0
2025-10-24 16:38:22.870,0.0
2025-10-24 16:38:22.880,0.0
2025-10-24 16:38:22.890,0.0
2025-10-24 16:38:22.900,0.0
2025-10-24 16:38:22.910,0.0
2025-10-24 16:38:22.920,0.0
2025-10-24 16:38:22.931,0.0
2025-10-24 16:38:22.941,0.0
2025-10-24 16:38:22.951,0.0
2025-10-24 16:38:22.961,0.0
2025-10-24 16:38:22.971,0.0
2025-10-24 16:38:22.982,0.0
2025-10-24 16:38:22.992,0.0
2025-10-24 16:38:23.002,0.0
2025-10-24 16:38:23.012,0.0
2025-10-24 16:38:23.022,0.0
2025-10-24 16:38:23.032,0.0
2025-10-24 16:38:23.042,0.0
2025-10-24 16:38:23.053,0.0
2025-10-24 16:38:23.063,0.0
2025-10-24 16:38:23.073,0.0
2025-10-24 16:38:23.083,0.0
2025-10-24 16:38:23.093,0.0
2025-10-24 16:38:23.104,0.0
2025-10-24 16:38:23.114,0.0
2025-10-24 16:38:23.124,0.0
2025-10-24 16:38:23.134,0.0
2025-10-24 16:38:23.144,0.0
2025-10-24 16:38:23.154,0.0
2025-10-24 16:38:23.165,0.0
2025-10-24 16:38:23.175,0.0
2025-10-24 16:38:23.185,0.0
2025-10-24 16:38:23.195,0.0
2025-10-24 16:38:23.205,0.0
2025-10-24 16:38:23.215,0.0
2025-10-24 16:38:23.225,0.0
2025-10-24 16:38:23.236,0.0
2025-10-24 16:38:23.246,0.0
2025-10-24 16:38:23.256,0.0
2025-10-24 16:38:23.266,0.0
2025-10-24 16:38:23.276,0.0
2025-10-24 16:38:23.287,0.0
2025-10-24 16:38:23.297,0.0
2025-10-24 16:38:23.307,0.0
2025-10-24 16:38:23.317,0.0
2025-10-24 16:38:23.327,0.0
2025-10-24 16:38:23.337,0.0
2025-10-24 16:38:23.347,0.0
2025-10-24 16:38:23.358,0.0
2025-10-24 16:38:23.368,0.0
2025-10-24 16:38:23.378,0.0
2025-10-24 16:38:23.388,0.0
2025-10-24 16:38:23.398,0.0
2025-10-24 16:38:23.409,0.0
2025-10-24 16:38:23.419,0.0
2025-10-24 16:38:23.429,0.0
2025-10-24 16:38:23.439,0.0
2025-10-24 16:38:23.449,0.0
2025-10-24 16:38:23.459,0.0
2025-10-24 16:38:23.469,0.0
2025-10-24 16:38:23.480,0.0
2025-10-24 16:38:23.490,0.0
2025-10-24 16:38:23.500,0.0
2025-10-24 16:38:23.510,0.0
2025-10-24 16:38:23.520,0.0
2025-10-24 16:38:23.531,0.0
2025-10-24 16:38:23.541,0.0
2025-10-24 16:38:23.551,0.0
2025-10-24 16:38:23.561,0.0
2025-10-24 16:38:23.571,0.0
2025-10-24 16:38:23.581,0.0
2025-10-24 16:38:23.591,0.0
2025-10-24 16:38:23.602,0.0
2025-10-24 16:38:23.612,0.0
2025-10-24 16:38:23.622,0.0
2025-10-24 16:38:23.632,0.0
2025-10-24 16:38:23.642,0.0
2025-10-24 16:38:23.652,0.0
2025-10-24 16:38:23.663,0.0
2025-10-24 16:38:23.673,0.0
2025-10-24 16:38:23.683,0.0
2025-10-24 16:38:23.693,0.0
2025-10-24 16:38:23.703,0.0
2025-10-24 16:38:23.714,0.0
2025-10-24 16:38:23.724,0.0
2025-10-24 16:38:23.734,0.0
2025-10-24 16:38:23.744,0.0
2025-10-24 16:38:23.754,0.0
2025-10-24 16:38:23.764,0.0
2025-10-24 16:38:23.774,0.0
2025-10-24 16:38:23.785,0.0
2025-10-24 16:38:23.795,0.0
2025-10-24 16:38:23.805,0.0
2025-10-24 16:38:23.815,0.0
2025-10-24 16:38:23.825,0.0
2025-10-24 16:38:23.836,0.0
2025-10-24 16:38:23.846,0.0
2025-10-24 16:38:23.856,0.0
2025-10-24 16:38:23.866,0.0
2025-10-24 16:38:23.876,0.0
2025-10-24 16:38:23.886,0.0
2025-10-24 16:38:23.896,0.0
2025-10-24 16:38:23.907,0.0
2025-10-24 16:38:23.917,0.0
2025-10-24 16:38:23.927,0.0
2025-10-24 16:38:23.937,0.0
2025-10-24 16:38:23.947,0.0
2025-10-24 16:38:23.958,0.0
2025-10-24 16:38:23.968,0.0
2025-10-24 16:38:23.978,0.0
2025-10-24 16:38:23.988,0.0
2025-10-24 16:38:23.998,0.0
2025-10-24 16:38:24.008,0.0
2025-10-24 16:38:24.019,0.0
2025-10-24 16:38:24.029,0.0
2025-10-24 16:38:24.039,0.0
2025-10-24 16:38:24.049,0.0
2025-10-24 16:38:24.059,0.0
2025-10-24 16:38:24.069,0.0
2025-10-24 16:38:24.079,0.0
2025-10-24 16:38:24.090,0.0
2025-10-24 16:38:24.100,0.0
2025-10-24 16:38:24.110,0.0
2025-10-24 16:38:24.120,0.0
2025-10-24 16:38:24.130,0.0
2025-10-24 16:38:24.140,0.0
2025-10-24 16:38:24.150,0.0
2025-10-24 16:38:24.160,0.0
2025-10-24 16:38:24.170,0.0
2025-10-24 16:38:24.180,0.0
2025-10-24 16:38:24.190,0.0
2025-10-24 16:38:24.201,0.0
2025-10-24 16:38:24.211,0.0
2025-10-24 16:38:24.221,0.0
2025-10-24 16:38:24.231,0.0
2025-10-24 16:38:24.241,0.0
2025-10-24 16:38:24.251,0.0
2025-10-24 16:38:24.261,0.0
2025-10-24 16:38:24.271,0.0
2025-10-24 16:38:24.281,0.0
2025-10-24 16:38:24.291,0.0
2025-10-24 16:38:24.301,0.0
2025-10-24 16:38:24.311,0.0
2025-10-24 16:38:24.322,0.0
2025-10-24 16:38:24.332,0.0
2025-10-24 16:38:24.342,0.0
2025-10-24 16:38:24.352,0.0
2025-10-24 16:38:24.362,0.0
2025-10-24 16:38:24.372,0.0
2025-10-24 16:38:24.382,0.0
2025-10-24 16:38:24.392,0.0
2025-10-24 16:38:24.402,0.0
2025-10-24 16:38:24.412,0.0
2025-10-24 16:38:24.422,0.0
2025-10-24 16:38:24.432,0.0
2025-10-24 16:38:24.443,0.0
2025-10-24 16:38:24.453,0.0
2025-10-24 16:38:24.463,0.0
2025-10-24 16:38:24.473,0.0
2025-10-24 16:38:24.483,0.0
2025-10-24 16:38:24.493,0.0
2025-10-24 16:38:24.503,0.0
2025-10-24 16:38:24.513,0.0
2025-10-24 16:38:24.523,0.0
2025-10-24 16:38:24.533,0.0
2025-10-24 16:38:24.543,0.0
2025-10-24 16:38:24.553,0.0
2025-10-24 16:38:24.563,0.0
2025-10-24 16:38:24.574,0.0
2025-10-24 16:38:24.584,0.0
2025-10-24 16:38:24.594,0.0
2025-10-24 16:38:24.604,0.0
2025-10-24 16:38:24.614,0.0
2025-10-24 16:38:24.624,0.0
2025-10-24 16:38:24.634,0.0
2025-10-24 16:38:24.644,0.0
2025-10-24 16:38:24.654,0.0
2025-10-24 16:38:24.664,0.0
2025-10-24 16:38:24.674,0.0
2025-10-24 16:38:24.684,0.0
2025-10-24 16:38:24.695,0.0
2025-10-24 16:38:24.705,0.0
2025-10-24 16:38:24.715,0.0
2025-10-24 16:38:24.725,0.0
2025-10-24 16:38:24.735,0.0
2025-10-24 16:38:24.745,0.0
2025-10-24 16:38:24.755,0.0
2025-10-24 16:38:24.765,0.0
2025-10-24 16:38:24.775,0.0
2025-10-24 16:38:24.785,0.0
2025-10-24 16:38:24.795,0.0
2025-10-24 16:38:24.805,0.0
2025-10-24 16:38:24.816,0.0
2025-10-24 16:38:24.826,0.0
2025-10-24 16:38:24.836,0.0
2025-10-24 16:38:24.846,0.0
2025-10-24 16:38:24.856,0.0
2025-10-24 16:38:24.866,0.0
2025-10-24 16:38:24.876,0.0
2025-10-24 16:38:24.886,0.0
2025-10-24 16:38:24.896,0.0
2025-10-24 16:38:24.906,0.0
2025-10-24 16:38:24.916,0.0
2025-10-24 16:38:24.927,0.0
2025-10-24 16:38:24.937,0.0
2025-10-24 16:38:24.947,0.0
2025-10-24 16:38:24.957,0.0
2025-10-24 16:38:24.967,0.0
2025-10-24 16:38:24.977,0.0
2025-10-24 16:38:24.987,0.0
2025-10-24 16:38:24.997,0.0
2025-10-24 16:38:25.007,0.0
2025-10-24 16:38:25.017,0.0
2025-10-24 16:38:25.027,0.0
2025-10-24 16:38:25.037,0.0
2025-10-24 16:38:25.048,0.0
2025-10-24 16:38:25.058,0.0
2025-10-24 16:38:25.068,0.0
2025-10-24 16:38:25.078,0.0
2025-10-24 16:38:25.088,0.0
2025-10-24 16:38:25.098,0.0
2025-10-24 16:38:25.108,0.0
2025-10-24 16:38:25.118,0.0
2025-10-24 16:38:25.128,0.0
2025-10-24 16:38:25.138,0.0
2025-10-24 16:38:25.148,0.0
2025-10-24 16:38:25.158,0.0
2025-10-24 16:38:25.169,0.0
2025-10-24 16:38:25.179,0.0
2025-10-24 16:38:25.189,0.0
2025-10-24 16:38:25.199,0.0
2025-10-24 16:38:25.209,0.0
2025-10-24 16:38:25.219,0.0
2025-10-24 16:38:25.229,0.0
2025-10-24 16:38:25.239,0.0
2025-10-24 16:38:25.249,0.0
2025-10-24 16:38:25.259,0.0
2025-10-24 16:38:25.269,0.0
2025-10-24 16:38:25.279,0.0
2025-10-24 16:38:25.290,0.0
2025-10-24 16:38:25.300,0.0
2025-10-24 16:38:25.310,0.0
2025-10-24 16:38:25.320,0.0
2025-10-24 16:38:25.330,0.0
2025-10-24 16:38:25.340,0.0
2025-10-24 16:38:25.350,0.0
2025-10-24 16:38:25.360,0.0
2025-10-24 16:38:25.370,0.0
2025-10-24 16:38:25.380,0.0
2025-10-24 16:38:25.390,0.0
2025-10-24 16:38:25.400,0.0
2025-10-24 16:38:25.410,0.0
2025-10-24 16:38:25.421,0.0
2025-10-24 16:38:25.431,0.0
2025-10-24 16:38:25.441,0.0
2025-10-24 16:38:25.451,0.0
2025-10-24 16:38:25.461,0.0
2025-10-24 16:38:25.471,0.0
2025-10-24 16:38:25.481,0.0
2025-10-24 16:38:25.491,0.0
2025-10-24 16:38:25.501,0.0
2025-10-24 16:38:25.511,0.0
2025-10-24 16:38:25.521,0.0
2025-10-24 16:38:25.531,0.0
2025-10-24 16:38:25.542,0.0
2025-10-24 16:38:25.552,0.0
2025-10-24 16:38:25.562,0.0
2025-10-24 16:38:25.572,0.0
2025-10-24 16:38:25.582,0.0
2025-10-24 16:38:25.592,0.0
2025-10-24 16:38:25.602,0.0
2025-10-24 16:38:25.612,0.0
2025-10-24 16:38:25.622,0.0
2025-10-24 16:38:25.632,0.0
2025-10-24 16:38:25.642,0.0
2025-10-24 16:38:25.652,0.0
2025-10-24 16:38:25.663,0.0
2025-10-24 16:38:25.673,0.0
2025-10-24 16:38:25.683,0.0
2025-10-24 16:38:25.693,0.0
2025-10-24 16:38:25.703,0.0
2025-10-24 16:38:25.713,0.0
2025-10-24 16:38:25.723,0.0
2025-10-24 16:38:25.733,0.0
2025-10-24 16:38:25.743,0.0
2025-10-24 16:38:25.753,0.0
2025-10-24 16:38:25.763,0.0
2025-10-24 16:38:25.774,0.0
2025-10-24 16:38:25.784,0.0
2025-10-24 16:38:25.794,0.0
2025-10-24 16:38:25.804,0.0
2025-10-24 16:38:25.814,0.0
2025-10-24 16:38:25.824,0.0
2025-10-24 16:38:25.834,0.0
2025-10-24 16:38:25.844,0.0
2025-10-24 16:38:25.854,0.0
2025-10-24 16:38:25.864,0.0
2025-10-24 16:38:25.874,0.0
2025-10-24 16:38:25.884,0.0
2025-10-24 16:38:25.895,0.0
2025-10-24 16:38:25.905,0.0
2025-10-24 16:38:25.915,0.0
2025-10-24 16:38:25.925,0.0
2025-10-24 16:38:25.935,0.0
2025-10-24 16:38:25.945,0.0
2025-10-24 16:38:25.955,0.0
2025-10-24 16:38:25.965,0.0
2025-10-24 16:38:25.975,0.0
2025-10-24 16:38:25.985,0.0
2025-10-24 16:38:25.995,0.0
2025-10-24 16:38:26.005,0.0
2025-10-24 16:38:26.016,0.0
2025-10-24 16:38:26.026,0.0
2025-10-24 16:38:26.036,0.0
2025-10-24 16:38:26.046,0.0
2025-10-24 16:38:26.056,0.0
2025-10-24 16:38:26.066,0.0
2025-10-24 16:38:26.076,0.0
2025-10-24 16:38:26.086,0.0
2025-10-24 16:38:26.096,0.0
2025-10-24 16:38:26.106,0.0
2025-10-24 16:38:26.116,0.0
2025-10-24 16:38:26.126,0.0
2025-10-24 16:38:26.137,0.0
2025-10-24 16:38:26.147,0.0
2025-10-24 16:38:26.157,0.0
2025-10-24 16:38:26.167,0.0
2025-10-24 16:38:26.177,0.0
2025-10-24 16:38:26.187,0.0
2025-10-24 16:38:26.197,0.0
2025-10-24 16:38:26.207,0.0
2025-10-24 16:38:26.217,0.0
2025-10-24 16:38:26.227,0.0
2025-10-24 16:38:26.237,0.0
2025-10-24 16:38:26.247,0.0
2025-10-24 16:38:26.257,0.0
2025-10-24 16:38:26.268,0.0
2025-10-24 16:38:26.278,0.0
2025-10-24 16:38:26.288,0.0
2025-10-24 16:38:26.298,0.0
2025-10-24 16:38:26.308,0.0
2025-10-24 16:38:26.318,0.0
2025-10-24 16:38:26.328,0.0
2025-10-24 16:38:26.338,0.0
2025-10-24 16:38:26.348,0.0
2025-10-24 16:38:26.358,0.0
2025-10-24 16:38:26.368,0.0
2025-10-24 16:38:26.378,0.0
2025-10-24 16:38:26.389,0.0
2025-10-24 16:38:26.399,0.0
2025-10-24 16:38:26.409,0.0
2025-10-24 16:38:26.419,0.0
2025-10-24 16:38:26.429,0.0
2025-10-24 16:38:26.439,0.0
2025-10-24 16:38:26.449,0.0
2025-10-24 16:38:26.459,0.0
2025-10-24 16:38:26.469,0.0
2025-10-24 16:38:26.479,0.0
2025-10-24 16:38:26.489,0.0
2025-10-24 16:38:26.500,0.0
2025-10-24 16:38:26.510,0.0
2025-10-24 16:38:26.520,0.0
2025-10-24 16:38:26.530,0.0
2025-10-24 16:38:26.540,0.0
2025-10-24 16:38:26.550,0.0
2025-10-24 16:38:26.561,0.0
2025-10-24 16:38:26.571,0.0
2025-10-24 16:38:26.581,0.0
2025-10-24 16:38:26.591,0.0
2025-10-24 16:38:26.601,0.0
2025-10-24 16:38:26.611,0.0
2025-10-24 16:38:26.621,0.0
2025-10-24 16:38:26.632,0.0
2025-10-24 16:38:26.642,0.0
2025-10-24 16:38:26.652,0.0
2025-10-24 16:38:26.662,0.0
2025-10-24 16:38:26.672,0.0
2025-10-24 16:38:26.683,0.0
2025-10-24 16:38:26.693,0.0
2025-10-24 16:38:26.703,0.0
2025-10-24 16:38:26.713,0.0
2025-10-24 16:38:26.723,0.0
2025-10-24 16:38:26.733,0.0
2025-10-24 16:38:26.743,0.0
2025-10-24 16:38:26.754,0.0
2025-10-24 16:38:26.764,0.0
2025-10-24 16:38:26.774,0.0
2025-10-24 16:38:26.784,0.0
2025-10-24 16:38:26.794,0.0
2025-10-24 16:38:26.805,0.0
2025-10-24 16:38:26.815,0.0
2025-10-24 16:38:26.825,0.0
2025-10-24 16:38:26.835,0.0
2025-10-24 16:38:26.845,0.0
2025-10-24 16:38:26.855,0.0
2025-10-24 16:38:26.865,0.0
2025-10-24 16:38:26.876,0.0
2025-10-24 16:38:26.886,0.0
2025-10-24 16:38:26.896,0.0
2025-10-24 16:38:26.906,0.0
2025-10-24 16:38:26.916,0.0
2025-10-24 16:38:26.927,0.0
2025-10-24 16:38:26.937,0.0
2025-10-24 16:38:26.947,0.0
2025-10-24 16:38:26.957,0.0
2025-10-24 16:38:26.967,0.0
2025-10-24 16:38:26.977,0.0
2025-10-24 16:38:26.987,0.0
2025-10-24 16:38:26.998,0.0
2025-10-24 16:38:27.008,0.0
2025-10-24 16:38:27.018,0.0
2025-10-24 16:38:27.028,0.0
2025-10-24 16:38:27.038,0.0
2025-10-24 16:38:27.048,0.0
2025-10-24 16:38:27.059,0.0
2025-10-24 16:38:27.069,0.0
2025-10-24 16:38:27.079,0.0
2025-10-24 16:38:27.089,0.0
2025-10-24 16:38:27.099,0.0
2025-10-24 16:38:27.110,0.0
2025-10-24 16:38:27.120,0.0
2025-10-24 16:38:27.130,0.0
2025-10-24 16:38:27.140,0.0
2025-10-24 16:38:27.150,0.0
2025-10-24 16:38:27.160,0.0
2025-10-24 16:38:27.170,0.0
2025-10-24 16:38:27.181,0.0
2025-10-24 16:38:27.191,0.0
2025-10-24 16:38:27.201,0.0
2025-10-24 16:38:27.211,0.0
2025-10-24 16:38:27.221,0.0
2025-10-24 16:38:27.232,0.0
2025-10-24 16:38:27.242,0.0
2025-10-24 16:38:27.252,0.0
2025-10-24 16:38:27.262,0.0
2025-10-24 16:38:27.272,0.0
2025-10-24 16:38:27.282,0.0
2025-10-24 16:38:27.292,0.0
2025-10-24 16:38:27.303,0.0
2025-10-24 16:38:27.313,0.0
2025-10-24 16:38:27.323,0.0
2025-10-24 16:38:27.333,0.0
2025-10-24 16:38:27.343,0.0
2025-10-24 16:38:27.354,0.0
2025-10-24 16:38:27.364,0.0
2025-10-24 16:38:27.374,0.0
2025-10-24 16:38:27.384,0.0
2025-10-24 16:38:27.394,0.0
2025-10-24 16:38:27.404,0.0
2025-10-24 16:38:27.415,0.0
2025-10-24 16:38:27.425,0.0
2025-10-24 16:38:27.435,0.0
2025-10-24 16:38:27.445,0.0
2025-10-24 16:38:27.455,0.0
2025-10-24 16:38:27.465,0.0
2025-10-24 16:38:27.475,0.0
2025-10-24 16:38:27.486,0.0
2025-10-24 16:38:27.496,0.0
2025-10-24 16:38:27.506,0.0
2025-10-24 16:38:27.516,0.0
2025-10-24 16:38:27.526,0.0
2025-10-24 16:38:27.537,0.0
2025-10-24 16:38:27.547,0.0
2025-10-24 16:38:27.557,0.0
2025-10-24 16:38:27.567,0.0
2025-10-24 16:38:27.577,0.0
2025-10-24 16:38:27.587,0.0
2025-10-24 16:38:27.597,0.0
2025-10-24 16:38:27.608,0.0
2025-10-24 16:38:27.618,0.0
2025-10-24 16:38:27.628,0.0
2025-10-24 16:38:27.638,0.0
2025-10-24 16:38:27.648,0.0
2025-10-24 16:38:27.659,0.0
2025-10-24 16:38:27.669,0.0
2025-10-24 16:38:27.679,0.0
2025-10-24 16:38:27.689,0.0
2025-10-24 16:38:27.699,0.0
2025-10-24 16:38:27.709,0.0
2025-10-24 16:38:27.719,0.0
2025-10-24 16:38:27.730,0.0
2025-10-24 16:38:27.740,0.0
2025-10-24 16:38:27.750,0.0
2025-10-24 16:38:27.760,0.0
2025-10-24 16:38:27.770,0.0
2025-10-24 16:38:27.780,0.0
2025-10-24 16:38:27.790,0.0
2025-10-24 16:38:27.800,0.0
2025-10-24 16:38:27.810,0.0
2025-10-24 16:38:27.820,0.0
2025-10-24 16:38:27.830,0.0
2025-10-24 16:38:27.840,0.0
2025-10-24 16:38:27.851,0.0
2025-10-24 16:38:27.861,0.0
2025-10-24 16:38:27.871,0.0
2025-10-24 16:38:27.881,0.0
2025-10-24 16:38:27.891,0.0
2025-10-24 16:38:27.901,0.0
2025-10-24 16:38:27.911,0.0
2025-10-24 16:38:27.921,0.0
2025-10-24 16:38:27.931,0.0
2025-10-24 16:38:27.941,0.0
2025-10-24 16:38:27.951,0.0
2025-10-24 16:38:27.961,0.0
2025-10-24 16:38:27.972,0.0
2025-10-24 16:38:27.982,0.0
2025-10-24 16:38:27.992,0.0
2025-10-24 16:38:28.002,0.0
2025-10-24 16:38:28.012,0.0
2025-10-24 16:38:28.022,0.0
2025-10-24 16:38:28.032,0.0
2025-10-24 16:38:28.042,0.0
2025-10-24 16:38:28.052,0.0
2025-10-24 16:38:28.062,0.0
2025-10-24 16:38:28.072,0.0
2025-10-24 16:38:28.083,0.0
2025-10-24 16:38:28.093,0.0
2025-10-24 16:38:28.103,0.0
2025-10-24 16:38:28.113,0.0
2025-10-24 16:38:28.123,0.0
2025-10-24 16:38:28.133,0.0
2025-10-24 16:38:28.143,0.0
2025-10-24 16:38:28.153,0.0
2025-10-24 16:38:28.163,0.0
2025-10-24 16:38:28.173,0.0
2025-10-24 16:38:28.183,0.0
2025-10-24 16:38:28.193,0.0
2025-10-24 16:38:28.204,0.0
2025-10-24 16:38:28.214,0.0
2025-10-24 16:38:28.224,0.0
2025-10-24 16:38:28.234,0.0
2025-10-24 16:38:28.244,0.0
2025-10-24 16:38:28.254,0.0
2025-10-24 16:38:28.264,0.0
2025-10-24 16:38:28.274,0.0
2025-10-24 16:38:28.284,0.0
2025-10-24 16:38:28.294,0.0
2025-10-24 16:38:28.304,0.0
2025-10-24 16:38:28.314,0.0
2025-10-24 16:38:28.325,0.0
2025-10-24 16:38:28.335,0.0
2025-10-24 16:38:28.345,0.0
2025-10-24 16:38:28.355,0.0
2025-10-24 16:38:28.365,0.0
2025-10-24 16:38:28.375,0.0
2025-10-24 16:38:28.385,0.0
2025-10-24 16:38:28.395,0.0
2025-10-24 16:38:28.405,0.0
2025-10-24 16:38:28.415,0.0
2025-10-24 16:38:28.425,0.0
2025-10-24 16:38:28.435,0.0
2025-10-24 16:38:28.445,0.0
2025-10-24 16:38:28.456,0.0
2025-10-24 16:38:28.466,0.0
2025-10-24 16:38:28.476,0.0
2025-10-24 16:38:28.486,0.0
2025-10-24 16:38:28.496,0.0
2025-10-24 16:38:28.506,0.0
2025-10-24 16:38:28.516,0.0
2025-10-24 16:38:28.526,0.0
2025-10-24 16:38:28.536,0.0
2025-10-24 16:38:28.546,0.0
2025-10-24 16:38:28.556,0.0
2025-10-24 16:38:28.566,0.0
2025-10-24 16:38:28.577,0.0
2025-10-24 16:38:28.587,0.0
2025-10-24 16:38:28.597,0.0
2025-10-24 16:38:28.607,0.0
2025-10-24 16:38:28.617,0.0
2025-10-24 16:38:28.627,0.0
2025-10-24 16:38:28.637,0.0
2025-10-24 16:38:28.647,0.0
2025-10-24 16:38:28.657,0.0
2025-10-24 16:38:28.667,0.0
2025-10-24 16:38:28.677,0.0
2025-10-24 16:38:28.687,0.0
2025-10-24 16:38:28.698,0.0
2025-10-24 16:38:28.708,0.0
2025-10-24 16:38:28.718,0.0
2025-10-24 16:38:28.728,0.0
2025-10-24 16:38:28.738,0.0
2025-10-24 16:38:28.748,0.0
2025-10-24 16:38:28.758,0.0
2025-10-24 16:38:28.768,0.0
2025-10-24 16:38:28.778,0.0
2025-10-24 16:38:28.788,0.0
2025-10-24 16:38:28.798,0.0
2025-10-24 16:38:28.809,0.0
2025-10-24 16:38:28.819,0.0
2025-10-24 16:38:28.829,0.0
2025-10-24 16:38:28.839,0.0
2025-10-24 16:38:28.849,0.0
2025-10-24 16:38:28.859,0.0
2025-10-24 16:38:28.869,0.0
2025-10-24 16:38:28.879,0.0
2025-10-24 16:38:28.889,0.0
2025-10-24 16:38:28.899,0.0
2025-10-24 16:38:28.909,0.0
2025-10-24 16:38:28.919,0.0
2025-10-24 16:38:28.930,0.0
2025-10-24 16:38:28.940,0.0
2025-10-24 16:38:28.950,0.0
2025-10-24 16:38:28.960,0.0
2025-10-24 16:38:28.970,0.0
2025-10-24 16:38:28.980,0.0
2025-10-24 16:38:28.991,0.0
2025-10-24 16:38:29.001,0.0
2025-10-24 16:38:29.011,0.0
2025-10-24 16:38:29.021,0.0
2025-10-24 16:38:29.031,0.0
2025-10-24 16:38:29.041,0.0
2025-10-24 16:38:29.052,0.0
2025-10-24 16:38:29.062,0.0
2025-10-24 16:38:29.072,0.0
2025-10-24 16:38:29.082,0.0
2025-10-24 16:38:29.092,0.0
2025-10-24 16:38:29.102,0.0
2025-10-24 16:38:29.113,0.0
2025-10-24 16:38:29.123,0.0
2025-10-24 16:38:29.133,0.0
2025-10-24 16:38:29.143,0.0
2025-10-24 16:38:29.153,0.0
2025-10-24 16:38:29.163,0.0
2025-10-24 16:38:29.173,0.0
2025-10-24 16:38:29.184,0.0
2025-10-24 16:38:29.194,0.0
2025-10-24 16:38:29.204,0.0
2025-10-24 16:38:29.214,0.0
2025-10-24 16:38:29.224,0.0
2025-10-24 16:38:29.235,0.0
2025-10-24 16:38:29.245,0.0
2025-10-24 16:38:29.255,0.0
2025-10-24 16:38:29.265,0.0
2025-10-24 16:38:29.275,0.0
2025-10-24 16:38:29.285,0.0
2025-10-24 16:38:29.295,0.0
2025-10-24 16:38:29.306,0.0
2025-10-24 16:38:29.316,0.0
2025-10-24 16:38:29.326,0.0
2025-10-24 16:38:29.336,0.0
2025-10-24 16:38:29.346,0.0
2025-10-24 16:38:29.357,0.0
2025-10-24 16:38:29.367,0.0
2025-10-24 16:38:29.377,0.0
2025-10-24 16:38:29.387,0.0
2025-10-24 16:38:29.397,0.0
2025-10-24 16:38:29.407,0.0
2025-10-24 16:38:29.417,0.0
2025-10-24 16:38:29.428,0.0
2025-10-24 16:38:29.438,0.0
2025-10-24 16:38:29.448,0.0
2025-10-24 16:38:29.458,0.0
2025-10-24 16:38:29.468,0.0
2025-10-24 16:38:29.479,0.0
2025-10-24 16:38:29.489,0.0
2025-10-24 16:38:29.499,0.0
2025-10-24 16:38:29.509,0.0
2025-10-24 16:38:29.519,0.0
2025-10-24 16:38:29.529,0.0
2025-10-24 16:38:29.540,0.0
2025-10-24 16:38:29.550,0.0
2025-10-24 16:38:29.560,0.0
2025-10-24 16:38:29.570,0.0
2025-10-24 16:38:29.580,0.0
2025-10-24 16:38:29.590,0.0
2025-10-24 16:38:29.600,0.0
2025-10-24 16:38:29.611,0.0
2025-10-24 16:38:29.621,0.0
2025-10-24 16:38:29.631,0.0
2025-10-24 16:38:29.641,0.0
2025-10-24 16:38:29.651,0.0
2025-10-24 16:38:29.662,0.0
2025-10-24 16:38:29.672,0.0
2025-10-24 16:38:29.682,0.0
2025-10-24 16:38:29.692,0.0
2025-10-24 16:38:29.702,0.0
2025-10-24 16:38:29.712,0.0
2025-10-24 16:38:29.722,0.0
2025-10-24 16:38:29.733,0.0
2025-10-24 16:38:29.743,0.0
2025-10-24 16:38:29.753,0.0
2025-10-24 16:38:29.763,0.0
2025-10-24 16:38:29.773,0.0
2025-10-24 16:38:29.784,0.0
2025-10-24 16:38:29.794,0.0
2025-10-24 16:38:29.804,0.0
2025-10-24 16:38:29.814,0.0
2025-10-24 16:38:29.824,0.0
2025-10-24 16:38:29.834,0.0
2025-10-24 16:38:29.844,0.0
2025-10-24 16:38:29.855,0.0
2025-10-24 16:38:29.865,0.0
2025-10-24 16:38:29.875,0.0
2025-10-24 16:38:29.885,0.0
2025-10-24 16:38:29.895,0.0
2025-10-24 16:38:29.906,0.0
2025-10-24 16:38:29.916,0.0
2025-10-24 16:38:29.926,0.0
2025-10-24 16:38:29.936,0.0
2025-10-24 16:38:29.946,0.0
2025-10-24 16:38:29.956,0.0
2025-10-24 16:38:29.966,0.0
2025-10-24 16:38:29.977,0.0
2025-10-24 16:38:29.987,0.0
2025-10-24 16:38:29.997,0.0
2025-10-24 16:38:30.007,0.0
2025-10-24 16:38:30.017,0.0
2025-10-24 16:38:30.027,0.0
2025-10-24 16:38:30.038,0.0
2025-10-24 16:38:30.048,0.0
2025-10-24 16:38:30.058,0.0
2025-10-24 16:38:30.068,0.0
2025-10-24 16:38:30.078,0.0
2025-10-24 16:38:30.089,0.0
2025-10-24 16:38:30.099,0.0
2025-10-24 16:38:30.109,0.0
2025-10-24 16:38:30.119,0.0
2025-10-24 16:38:30.129,0.0
2025-10-24 16:38:30.139,0.0
2025-10-24 16:38:30.149,0.0
2025-10-24 16:38:30.160,0.0
2025-10-24 16:38:30.170,0.0
2025-10-24 16:38:30.180,0.0
2025-10-24 16:38:30.190,0.0
2025-10-24 16:38:30.200,0.0
2025-10-24 16:38:30.210,0.0
2025-10-24 16:38:30.220,0.0
2025-10-24 16:38:30.230,0.0
2025-10-24 16:38:30.240,0.0
2025-10-24 16:38:30.250,0.0
2025-10-24 16:38:30.260,0.0
2025-10-24 16:38:30.270,0.0
2025-10-24 16:38:30.281,0.0
2025-10-24 16:38:30.291,0.0
2025-10-24 16:38:30.301,0.0
2025-10-24 16:38:30.311,0.0
2025-10-24 16:38:30.321,0.0
2025-10-24 16:38:30.331,0.0
2025-10-24 16:38:30.341,0.0
2025-10-24 16:38:30.351,0.0
2025-10-24 16:38:30.361,0.0
2025-10-24 16:38:30.371,0.0
2025-10-24 16:38:30.381,0.0
2025-10-24 16:38:30.392,0.0
2025-10-24 16:38:30.402,0.0
2025-10-24 16:38:30.412,0.0
2025-10-24 16:38:30.422,0.0
2025-10-24 16:38:30.432,0.0
2025-10-24 16:38:30.442,0.0
2025-10-24 16:38:30.452,0.0
2025-10-24 16:38:30.462,0.0
2025-10-24 16:38:30.472,0.0
2025-10-24 16:38:30.482,0.0
2025-10-24 16:38:30.492,0.0
2025-10-24 16:38:30.502,0.0
2025-10-24 16:38:30.513,0.0
2025-10-24 16:38:30.523,0.0
2025-10-24 16:38:30.533,0.0
2025-10-24 16:38:30.543,0.0
2025-10-24 16:38:30.553,0.0
2025-10-24 16:38:30.563,0.0
2025-10-24 16:38:30.573,0.0
2025-10-24 16:38:30.583,0.0
2025-10-24 16:38:30.593,0.0
2025-10-24 16:38:30.603,0.0
2025-10-24 16:38:30.613,0.0
2025-10-24 16:38:30.623,0.0
2025-10-24 16:38:30.634,0.0
2025-10-24 16:38:30.644,0.0
2025-10-24 16:38:30.654,0.0
2025-10-24 16:38:30.664,0.0
2025-10-24 16:38:30.674,0.0
2025-10-24 16:38:30.684,0.0
2025-10-24 16:38:30.694,0.0
2025-10-24 16:38:30.704,0.0
2025-10-24 16:38:30.714,0.0
2025-10-24 16:38:30.724,0.0
2025-10-24 16:38:30.734,0.0
2025-10-24 16:38:30.744,0.0
2025-10-24 16:38:30.755,0.0
2025-10-24 16:38:30.765,0.0
2025-10-24 16:38:30.775,0.0
2025-10-24 16:38:30.785,0.0
2025-10-24 16:38:30.795,0.0
2025-10-24 16:38:30.805,0.0
2025-10-24 16:38:30.815,0.0
2025-10-24 16:38:30.825,0.0
2025-10-24 16:38:30.835,0.0
2025-10-24 16:38:30.845,0.0
2025-10-24 16:38:30.855,0.0
2025-10-24 16:38:30.865,0.0
2025-10-24 16:38:30.875,0.0
2025-10-24 16:38:30.886,0.0
2025-10-24 16:38:30.896,0.0
2025-10-24 16:38:30.906,0.0
2025-10-24 16:38:30.916,0.0
2025-10-24 16:38:30.926,0.0
2025-10-24 16:38:30.936,0.0
2025-10-24 16:38:30.946,0.0
2025-10-24 16:38:30.956,0.0
2025-10-24 16:38:30.966,0.0
2025-10-24 16:38:30.976,0.0
2025-10-24 16:38:30.986,0.0
2025-10-24 16:38:30.996,0.0
2025-10-24 16:38:31.007,0.0
2025-10-24 16:38:31.017,0.0
2025-10-24 16:38:31.027,0.0
2025-10-24 16:38:31.037,0.0
2025-10-24 16:38:31.047,0.0
2025-10-24 16:38:31.057,0.0
2025-10-24 16:38:31.067,0.0
2025-10-24 16:38:31.077,0.0
2025-10-24 16:38:31.087,0.0
2025-10-24 16:38:31.097,0.0
2025-10-24 16:38:31.107,0.0
2025-10-24 16:38:31.118,0.0
2025-10-24 16:38:31.128,0.0
2025-10-24 16:38:31.138,0.0
2025-10-24 16:38:31.148,0.0
2025-10-24 16:38:31.158,0.0
2025-10-24 16:38:31.168,0.0
2025-10-24 16:38:31.178,0.0
2025-10-24 16:38:31.188,0.0
2025-10-24 16:38:31.198,0.0
2025-10-24 16:38:31.208,0.0
2025-10-24 16:38:31.218,0.0
2025-10-24 16:38:31.228,0.0
2025-10-24 16:38:31.239,0.0
2025-10-24 16:38:31.249,0.0
2025-10-24 16:38:31.259,0.0
2025-10-24 16:38:31.269,0.0
2025-10-24 16:38:31.279,0.0
2025-10-24 16:38:31.289,0.0
2025-10-24 16:38:31.299,0.0
2025-10-24 16:38:31.309,0.0
2025-10-24 16:38:31.319,0.0
2025-10-24 16:38:31.329,0.0
2025-10-24 16:38:31.339,0.0
2025-10-24 16:38:31.349,0.0
2025-10-24 16:38:31.360,0.0
2025-10-24 16:38:31.370,0.0
2025-10-24 16:38:31.380,0.0
2025-10-24 16:38:31.390,0.0
2025-10-24 16:38:31.400,0.0
2025-10-24 16:38:31.410,0.0
2025-10-24 16:38:31.420,0.0
2025-10-24 16:38:31.431,0.0
2025-10-24 16:38:31.441,0.0
2025-10-24 16:38:31.451,0.0
2025-10-24 16:38:31.461,0.0
2025-10-24 16:38:31.471,0.0
2025-10-24 16:38:31.482,0.0
2025-10-24 16:38:31.492,0.0
2025-10-24 16:38:31.502,0.0
2025-10-24 16:38:31.512,0.0
2025-10-24 16:38:31.522,0.0
2025-10-24 16:38:31.532,0.0
2025-10-24 16:38:31.542,0.0
2025-10-24 16:38:31.553,0.0
2025-10-24 16:38:31.563,0.0
2025-10-24 16:38:31.573,0.0
2025-10-24 16:38:31.583,0.0
2025-10-24 16:38:31.593,0.0
2025-10-24 16:38:31.604,0.0
2025-10-24 16:38:31.614,0.0
2025-10-24 16:38:31.624,0.0
2025-10-24 16:38:31.634,0.0
2025-10-24 16:38:31.644,0.0
2025-10-24 16:38:31.654,0.0
2025-10-24 16:38:31.665,0.0
2025-10-24 16:38:31.675,0.0
2025-10-24 16:38:31.685,0.0
2025-10-24 16:38:31.695,0.0
2025-10-24 16:38:31.705,0.0
2025-10-24 16:38:31.715,0.0
2025-10-24 16:38:31.725,0.0
2025-10-24 16:38:31.736,0.0
2025-10-24 16:38:31.746,0.0
2025-10-24 16:38:31.756,0.0
2025-10-24 16:38:31.766,0.0
2025-10-24 16:38:31.776,0.0
2025-10-24 16:38:31.787,0.0
2025-10-24 16:38:31.797,0.0
2025-10-24 16:38:31.807,0.0
2025-10-24 16:38:31.817,0.0
2025-10-24 16:38:31.827,0.0
2025-10-24 16:38:31.837,0.0
2025-10-24 16:38:31.847,0.0
2025-10-24 16:38:31.858,0.0
2025-10-24 16:38:31.868,0.0
2025-10-24 16:38:31.878,0.0
2025-10-24 16:38:31.888,0.0
2025-10-24 16:38:31.898,0.0
2025-10-24 16:38:31.909,0.0
2025-10-24 16:38:31.919,0.0
2025-10-24 16:38:31.929,0.0
2025-10-24 16:38:31.939,0.0
2025-10-24 16:38:31.949,0.0
2025-10-24 16:38:31.959,0.0
2025-10-24 16:38:31.970,0.0
2025-10-24 16:38:31.980,0.0
2025-10-24 16:38:31.990,0.0
2025-10-24 16:38:32.000,0.0
2025-10-24 16:38:32.010,0.0
2025-10-24 16:38:32.020,0.0
2025-10-24 16:38:32.030,0.0
2025-10-24 16:38:32.041,0.0
2025-10-24 16:38:32.051,0.0
2025-10-24 16:38:32.061,0.0
2025-10-24 16:38:32.071,0.0
2025-10-24 16:38:32.081,0.0
2025-10-24 16:38:32.091,0.0
2025-10-24 16:38:32.102,0.0
2025-10-24 16:38:32.112,0.0
2025-10-24 16:38:32.122,0.0
2025-10-24 16:38:32.132,0.0
2025-10-24 16:38:32.142,0.0
2025-10-24 16:38:32.152,0.0
2025-10-24 16:38:32.163,0.0
2025-10-24 16:38:32.173,0.0
2025-10-24 16:38:32.183,0.0
2025-10-24 16:38:32.193,0.0
2025-10-24 16:38:32.203,0.0
2025-10-24 16:38:32.214,0.0
2025-10-24 16:38:32.224,0.0
2025-10-24 16:38:32.234,0.0
2025-10-24 16:38:32.244,0.0
2025-10-24 16:38:32.254,0.0
2025-10-24 16:38:32.264,0.0
2025-10-24 16:38:32.275,0.0
2025-10-24 16:38:32.285,0.0
2025-10-24 16:38:32.295,0.0
2025-10-24 16:38:32.305,0.0
2025-10-24 16:38:32.315,0.0
2025-10-24 16:38:32.325,0.0
2025-10-24 16:38:32.335,0.0
2025-10-24 16:38:32.346,0.0
2025-10-24 16:38:32.356,0.0
2025-10-24 16:38:32.366,0.0
2025-10-24 16:38:32.376,0.0
2025-10-24 16:38:32.386,0.0
2025-10-24 16:38:32.396,0.0
2025-10-24 16:38:32.407,0.0
2025-10-24 16:38:32.417,0.0
2025-10-24 16:38:32.427,0.0
2025-10-24 16:38:32.437,0.0
2025-10-24 16:38:32.447,0.0
2025-10-24 16:38:32.458,0.0
2025-10-24 16:38:32.468,0.0
2025-10-24 16:38:32.478,0.0
2025-10-24 16:38:32.488,0.0
2025-10-24 16:38:32.498,0.0
2025-10-24 16:38:32.508,0.0
2025-10-24 16:38:32.519,0.0
2025-10-24 16:38:32.529,0.0
2025-10-24 16:38:32.539,0.0
2025-10-24 16:38:32.549,0.0
2025-10-24 16:38:32.559,0.0
2025-10-24 16:38:32.569,0.0
2025-10-24 16:38:32.580,0.0
2025-10-24 16:38:32.590,0.0
2025-10-24 16:38:32.600,0.0
2025-10-24 16:38:32.610,0.0
2025-10-24 16:38:32.620,0.0
2025-10-24 16:38:32.630,0.0
2025-10-24 16:38:32.640,0.0
2025-10-24 16:38:32.650,0.0
2025-10-24 16:38:32.660,0.0
2025-10-24 16:38:32.670,0.0
2025-10-24 16:38:32.680,0.0
2025-10-24 16:38:32.690,0.0
2025-10-24 16:38:32.701,0.0
2025-10-24 16:38:32.711,0.0
2025-10-24 16:38:32.721,0.0
2025-10-24 16:38:32.731,0.0
2025-10-24 16:38:32.741,0.0
2025-10-24 16:38:32.751,0.0
2025-10-24 16:38:32.761,0.0
2025-10-24 16:38:32.771,0.0
2025-10-24 16:38:32.781,0.0
2025-10-24 16:38:32.791,0.0
2025-10-24 16:38:32.801,0.0
2025-10-24 16:38:32.811,0.0
2025-10-24 16:38:32.821,0.0
2025-10-24 16:38:32.832,0.0
2025-10-24 16:38:32.842,0.0
2025-10-24 16:38:32.852,0.0
2025-10-24 16:38:32.862,0.0
2025-10-24 16:38:32.872,0.0
2025-10-24 16:38:32.882,0.0
2025-10-24 16:38:32.892,0.0
2025-10-24 16:38:32.902,0.0
2025-10-24 16:38:32.912,0.0
2025-10-24 16:38:32.922,0.0
2025-10-24 16:38:32.932,0.0
2025-10-24 16:38:32.943,0.0
2025-10-24 16:38:32.953,0.0
2025-10-24 16:38:32.963,0.0
2025-10-24 16:38:32.973,0.0
2025-10-24 16:38:32.983,0.0
2025-10-24 16:38:32.993,0.0
2025-10-24 16:38:33.003,0.0
2025-10-24 16:38:33.013,0.0
2025-10-24 16:38:33.023,0.0
2025-10-24 16:38:33.033,0.0
2025-10-24 16:38:33.043,0.0
2025-10-24 16:38:33.053,0.0
2025-10-24 16:38:33.063,0.0
2025-10-24 16:38:33.074,0.0
2025-10-24 16:38:33.084,0.0
2025-10-24 16:38:33.094,0.0
2025-10-24 16:38:33.104,0.0
2025-10-24 16:38:33.114,0.0
2025-10-24 16:38:33.124,0.0
2025-10-24 16:38:33.134,0.0
2025-10-24 16:38:33.144,0.0
2025-10-24 16:38:33.154,0.0
2025-10-24 16:38:33.164,0.0
2025-10-24 16:38:33.174,0.0
2025-10-24 16:38:33.185,0.0
2025-10-24 16:38:33.195,0.0
2025-10-24 16:38:33.205,0.0
2025-10-24 16:38:33.215,0.0
2025-10-24 16:38:33.225,0.0
2025-10-24 16:38:33.235,0.0
2025-10-24 16:38:33.245,0.0
2025-10-24 16:38:33.255,0.0
2025-10-24 16:38:33.265,0.0
2025-10-24 16:38:33.275,0.0
2025-10-24 16:38:33.285,0.0
2025-10-24 16:38:33.295,0.0
2025-10-24 16:38:33.305,0.0
2025-10-24 16:38:33.316,0.0
2025-10-24 16:38:33.326,0.0
2025-10-24 16:38:33.336,0.0
2025-10-24 16:38:33.346,0.0
2025-10-24 16:38:33.356,0.0
2025-10-24 16:38:33.366,0.0
2025-10-24 16:38:33.376,0.0
2025-10-24 16:38:33.386,0.0
2025-10-24 16:38:33.396,0.0
2025-10-24 16:38:33.406,0.0
2025-10-24 16:38:33.416,0.0
2025-10-24 16:38:33.427,0.0
2025-10-24 16:38:33.437,0.0
2025-10-24 16:38:33.447,0.0
2025-10-24 16:38:33.457,0.0
2025-10-24 16:38:33.467,0.0
2025-10-24 16:38:33.477,0.0
2025-10-24 16:38:33.487,0.0
2025-10-24 16:38:33.497,0.0
2025-10-24 16:38:33.507,0.0
2025-10-24 16:38:33.517,0.0
2025-10-24 16:38:33.527,0.0
2025-10-24 16:38:33.537,0.0
2025-10-24 16:38:33.548,0.0
2025-10-24 16:38:33.558,0.0
2025-10-24 16:38:33.568,0.0
2025-10-24 16:38:33.578,0.0
2025-10-24 16:38:33.588,0.0
2025-10-24 16:38:33.598,0.0
2025-10-24 16:38:33.608,0.0
2025-10-24 16:38:33.618,0.0
2025-10-24 16:38:33.628,0.0
2025-10-24 16:38:33.638,0.0
2025-10-24 16:38:33.648,0.0
2025-10-24 16:38:33.658,0.0
2025-10-24 16:38:33.668,0.0
2025-10-24 16:38:33.679,0.0
2025-10-24 16:38:33.689,0.0
2025-10-24 16:38:33.699,0.0
2025-10-24 16:38:33.709,0.0
2025-10-24 16:38:33.719,0.0
2025-10-24 16:38:33.729,0.0
2025-10-24 16:38:33.739,0.0
2025-10-24 16:38:33.749,0.0
2025-10-24 16:38:33.759,0.0
2025-10-24 16:38:33.769,0.0
2025-10-24 16:38:33.779,0.0
2025-10-24 16:38:33.790,0.0
2025-10-24 16:38:33.800,0.0
2025-10-24 16:38:33.810,0.0
2025-10-24 16:38:33.820,0.0
2025-10-24 16:38:33.830,0.0
2025-10-24 16:38:33.840,0.0
2025-10-24 16:38:33.851,0.0
2025-10-24 16:38:33.861,0.0
2025-10-24 16:38:33.871,0.0
2025-10-24 16:38:33.881,0.0
2025-10-24 16:38:33.891,0.0
2025-10-24 16:38:33.901,0.0
2025-10-24 16:38:33.911,0.0
2025-10-24 16:38:33.922,0.0
2025-10-24 16:38:33.932,0.0
2025-10-24 16:38:33.942,0.0
2025-10-24 16:38:33.952,0.0
2025-10-24 16:38:33.962,0.0
2025-10-24 16:38:33.972,0.0
2025-10-24 16:38:33.983,0.0
2025-10-24 16:38:33.993,0.0
2025-10-24 16:38:34.003,0.0
2025-10-24 16:38:34.013,0.0
2025-10-24 16:38:34.023,0.0
2025-10-24 16:38:34.034,0.0
2025-10-24 16:38:34.044,0.0
2025-10-24 16:38:34.054,0.0
2025-10-24 16:38:34.064,0.0
2025-10-24 16:38:34.074,0.0
2025-10-24 16:38:34.084,0.0
2025-10-24 16:38:34.095,0.0
2025-10-24 16:38:34.105,0.0
2025-10-24 16:38:34.115,0.0
2025-10-24 16:38:34.125,0.0
2025-10-24 16:38:34.135,0.0
2025-10-24 16:38:34.145,0.0
2025-10-24 16:38:34.155,0.0
2025-10-24 16:38:34.166,0.0
2025-10-24 16:38:34.176,0.0
2025-10-24 16:38:34.186,0.0
2025-10-24 16:38:34.196,0.0
2025-10-24 16:38:34.206,0.0
2025-10-24 16:38:34.216,0.0
2025-10-24 16:38:34.227,0.0
2025-10-24 16:38:34.237,0.0
2025-10-24 16:38:34.247,0.0
2025-10-24 16:38:34.257,0.0
2025-10-24 16:38:34.267,0.0
2025-10-24 16:38:34.277,0.0
2025-10-24 16:38:34.288,0.0
2025-10-24 16:38:34.298,0.0
2025-10-24 16:38:34.308,0.0
2025-10-24 16:38:34.318,0.0
2025-10-24 16:38:34.328,0.0
2025-10-24 16:38:34.339,0.0
2025-10-24 16:38:34.349,0.0
2025-10-24 16:38:34.359,0.0
2025-10-24 16:38:34.369,0.0
2025-10-24 16:38:34.379,0.0
2025-10-24 16:38:34.389,0.0
2025-10-24 16:38:34.400,0.0
2025-10-24 16:38:34.410,0.0
2025-10-24 16:38:34.420,0.0
2025-10-24 16:38:34.430,0.0
2025-10-24 16:38:34.440,0.0
2025-10-24 16:38:34.450,0.0
2025-10-24 16:38:34.460,0.0
2025-10-24 16:38:34.471,0.0
2025-10-24 16:38:34.481,0.0
2025-10-24 16:38:34.491,0.0
2025-10-24 16:38:34.501,0.0
2025-10-24 16:38:34.511,0.0
2025-10-24 16:38:34.521,0.0
2025-10-24 16:38:34.532,0.0
2025-10-24 16:38:34.542,0.0
2025-10-24 16:38:34.552,0.0
2025-10-24 16:38:34.562,0.0
2025-10-24 16:38:34.572,0.0
2025-10-24 16:38:34.583,0.0
2025-10-24 16:38:34.593,0.0
2025-10-24 16:38:34.603,0.0
2025-10-24 16:38:34.613,0.0
2025-10-24 16:38:34.623,0.0
2025-10-24 16:38:34.633,0.0
2025-10-24 16:38:34.644,0.0
2025-10-24 16:38:34.654,0.0
2025-10-24 16:38:34.664,0.0
2025-10-24 16:38:34.674,0.0
2025-10-24 16:38:34.684,0.0
2025-10-24 16:38:34.694,0.0
2025-10-24 16:38:34.705,0.0
2025-10-24 16:38:34.715,0.0
2025-10-24 16:38:34.725,0.0
2025-10-24 16:38:34.735,0.0
2025-10-24 16:38:34.745,0.0
2025-10-24 16:38:34.755,0.0
2025-10-24 16:38:34.765,0.0
2025-10-24 16:38:34.776,0.0
2025-10-24 16:38:34.786,0.0
2025-10-24 16:38:34.796,0.0
2025-10-24 16:38:34.806,0.0
2025-10-24 16:38:34.816,0.0
2025-10-24 16:38:34.826,0.0
2025-10-24 16:38:34.837,0.0
2025-10-24 16:38:34.847,0.0
2025-10-24 16:38:34.857,0.0
2025-10-24 16:38:34.867,0.0
2025-10-24 16:38:34.877,0.0
2025-10-24 16:38:34.888,0.0
2025-10-24 16:38:34.898,0.0
2025-10-24 16:38:34.908,0.0
2025-10-24 16:38:34.918,0.0
2025-10-24 16:38:34.928,0.0
2025-10-24 16:38:34.938,0.0
2025-10-24 16:38:34.949,0.0
2025-10-24 16:38:34.959,0.0
2025-10-24 16:38:34.969,0.0
2025-10-24 16:38:34.979,0.0
2025-10-24 16:38:34.989,0.0
2025-10-24 16:38:34.999,0.0
2025-10-24 16:38:35.009,0.0
2025-10-24 16:38:35.020,0.0
2025-10-24 16:38:35.030,0.0
2025-10-24 16:38:35.040,0.0
2025-10-24 16:38:35.050,0.0
2025-10-24 16:38:35.060,0.0
2025-10-24 16:38:35.070,0.0
2025-10-24 16:38:35.080,0.0
2025-10-24 16:38:35.090,0.0
2025-10-24 16:38:35.100,0.0
2025-10-24 16:38:35.110,0.0
2025-10-24 16:38:35.120,0.0
2025-10-24 16:38:35.131,0.0
2025-10-24 16:38:35.141,0.0
2025-10-24 16:38:35.151,0.0
2025-10-24 16:38:35.161,0.0
2025-10-24 16:38:35.171,0.0
2025-10-24 16:38:35.181,0.0
2025-10-24 16:38:35.191,0.0
2025-10-24 16:38:35.201,0.0
2025-10-24 16:38:35.211,0.0
2025-10-24 16:38:35.221,0.0
2025-10-24 16:38:35.231,0.0
2025-10-24 16:38:35.241,0.0
2025-10-24 16:38:35.251,0.0
2025-10-24 16:38:35.262,0.0
2025-10-24 16:38:35.272,0.0
2025-10-24 16:38:35.282,0.0
2025-10-24 16:38:35.292,0.0
2025-10-24 16:38:35.302,0.0
2025-10-24 16:38:35.312,0.0
2025-10-24 16:38:35.322,0.0
2025-10-24 16:38:35.332,0.0
2025-10-24 16:38:35.342,0.0
2025-10-24 16:38:35.352,0.0
2025-10-24 16:38:35.362,0.0
2025-10-24 16:38:35.373,0.0
2025-10-24 16:38:35.383,0.0
2025-10-24 16:38:35.393,0.0
2025-10-24 16:38:35.403,0.0
2025-10-24 16:38:35.413,0.0
2025-10-24 16:38:35.423,0.0
2025-10-24 16:38:35.433,0.0
2025-10-24 16:38:35.443,0.0
2025-10-24 16:38:35.453,0.0
2025-10-24 16:38:35.463,0.0
2025-10-24 16:38:35.473,0.0
2025-10-24 16:38:35.483,0.0
2025-10-24 16:38:35.493,0.0
2025-10-24 16:38:35.504,0.0
2025-10-24 16:38:35.514,0.0
2025-10-24 16:38:35.524,0.0
2025-10-24 16:38:35.534,0.0
2025-10-24 16:38:35.544,0.0
2025-10-24 16:38:35.554,0.0
2025-10-24 16:38:35.564,0.0
2025-10-24 16:38:35.574,0.0
2025-10-24 16:38:35.584,0.0
2025-10-24 16:38:35.594,0.0
2025-10-24 16:38:35.604,0.0
2025-10-24 16:38:35.615,0.0
2025-10-24 16:38:35.625,0.0
2025-10-24 16:38:35.635,0.0
2025-10-24 16:38:35.645,0.0
2025-10-24 16:38:35.655,0.0
2025-10-24 16:38:35.665,0.0
2025-10-24 16:38:35.675,0.0
2025-10-24 16:38:35.685,0.0
2025-10-24 16:38:35.695,0.0
2025-10-24 16:38:35.705,0.0
2025-10-24 16:38:35.715,0.0
2025-10-24 16:38:35.725,0.0
2025-10-24 16:38:35.736,0.0
2025-10-24 16:38:35.746,0.0
2025-10-24 16:38:35.756,0.0
2025-10-24 16:38:35.766,0.0
2025-10-24 16:38:35.776,0.0
2025-10-24 16:38:35.786,0.0
2025-10-24 16:38:35.796,0.0
2025-10-24 16:38:35.806,0.0
2025-10-24 16:38:35.816,0.0
2025-10-24 16:38:35.826,0.0
2025-10-24 16:38:35.836,0.0
2025-10-24 16:38:35.846,0.0
2025-10-24 16:38:35.856,0.0
2025-10-24 16:38:35.867,0.0
2025-10-24 16:38:35.877,0.0
2025-10-24 16:38:35.887,0.0
2025-10-24 16:38:35.897,0.0
2025-10-24 16:38:35.907,0.0
2025-10-24 16:38:35.917,0.0
2025-10-24 16:38:35.927,0.0
2025-10-24 16:38:35.937,0.0
2025-10-24 16:38:35.947,0.0
2025-10-24 16:38:35.957,0.0
2025-10-24 16:38:35.967,0.0
2025-10-24 16:38:35.978,0.0
2025-10-24 16:38:35.988,0.0
2025-10-24 16:38:35.998,0.0
2025-10-24 16:38:36.008,0.0
2025-10-24 16:38:36.018,0.0
2025-10-24 16:38:36.028,0.0
2025-10-24 16:38:36.038,0.0
2025-10-24 16:38:36.048,0.0
2025-10-24 16:38:36.058,0.0
2025-10-24 16:38:36.068,0.0
2025-10-24 16:38:36.078,0.0
2025-10-24 16:38:36.088,0.0
2025-10-24 16:38:36.098,0.0
2025-10-24 16:38:36.109,0.0
2025-10-24 16:38:36.119,0.0
2025-10-24 16:38:36.129,0.0
2025-10-24 16:38:36.139,0.0
2025-10-24 16:38:36.149,0.0
2025-10-24 16:38:36.159,0.0
2025-10-24 16:38:36.169,0.0
2025-10-24 16:38:36.179,0.0
2025-10-24 16:38:36.189,0.0
2025-10-24 16:38:36.199,0.0
2025-10-24 16:38:36.209,0.0
2025-10-24 16:38:36.220,0.0
2025-10-24 16:38:36.230,0.0
2025-10-24 16:38:36.240,0.0
2025-10-24 16:38:36.250,0.0
2025-10-24 16:38:36.260,0.0
2025-10-24 16:38:36.270,0.0
2025-10-24 16:38:36.280,0.0
2025-10-24 16:38:36.290,0.0
2025-10-24 16:38:36.300,0.0
2025-10-24 16:38:36.310,0.0
2025-10-24 16:38:36.320,0.0
2025-10-24 16:38:36.330,0.0
2025-10-24 16:38:36.340,0.0
2025-10-24 16:38:36.351,0.0
2025-10-24 16:38:36.361,0.0
2025-10-24 16:38:36.371,0.0
2025-10-24 16:38:36.381,0.0
2025-10-24 16:38:36.391,0.0
2025-10-24 16:38:36.401,0.0
2025-10-24 16:38:36.411,0.0
2025-10-24 16:38:36.421,0.0
2025-10-24 16:38:36.431,0.0
2025-10-24 16:38:36.441,0.0
2025-10-24 16:38:36.451,0.0
2025-10-24 16:38:36.462,0.0
2025-10-24 16:38:36.472,0.0
2025-10-24 16:38:36.482,0.0
2025-10-24 16:38:36.492,0.0
2025-10-24 16:38:36.502,0.0
2025-10-24 16:38:36.512,0.0
2025-10-24 16:38:36.522,0.0
2025-10-24 16:38:36.532,0.0
2025-10-24 16:38:36.542,0.0
2025-10-24 16:38:36.552,0.0
2025-10-24 16:38:36.562,0.0
2025-10-24 16:38:36.572,0.0
2025-10-24 16:38:36.583,0.0
2025-10-24 16:38:36.593,0.0
2025-10-24 16:38:36.603,0.0
2025-10-24 16:38:36.613,0.0
2025-10-24 16:38:36.623,0.0
2025-10-24 16:38:36.633,0.0
2025-10-24 16:38:36.643,0.0
2025-10-24 16:38:36.653,0.0
2025-10-24 16:38:36.663,0.0
2025-10-24 16:38:36.673,0.0
2025-10-24 16:38:36.683,0.0
2025-10-24 16:38:36.693,0.0
2025-10-24 16:38:36.703,0.0
2025-10-24 16:38:36.714,0.0
2025-10-24 16:38:36.724,0.0
2025-10-24 16:38:36.734,0.0
2025-10-24 16:38:36.744,0.0
2025-10-24 16:38:36.754,0.0
2025-10-24 16:38:36.764,0.0
2025-10-24 16:38:36.774,0.0
2025-10-24 16:38:36.784,0.0
2025-10-24 16:38:36.794,0.0
2025-10-24 16:38:36.804,0.0
2025-10-24 16:38:36.814,0.0
2025-10-24 16:38:36.825,0.0
2025-10-24 16:38:36.835,0.0
2025-10-24 16:38:36.845,0.0
2025-10-24 16:38:36.855,0.0
2025-10-24 16:38:36.865,0.0
2025-10-24 16:38:36.875,0.0
2025-10-24 16:38:36.885,0.0
2025-10-24 16:38:36.895,0.0
2025-10-24 16:38:36.905,0.0
2025-10-24 16:38:36.915,0.0
2025-10-24 16:38:36.925,0.0
2025-10-24 16:38:36.935,0.0
2025-10-24 16:38:36.945,0.0
2025-10-24 16:38:36.956,0.0
2025-10-24 16:38:36.966,0.0
2025-10-24 16:38:36.976,0.0
2025-10-24 16:38:36.986,0.0
2025-10-24 16:38:36.996,0.0
2025-10-24 16:38:37.006,0.0
2025-10-24 16:38:37.016,0.0
2025-10-24 16:38:37.026,0.0
2025-10-24 16:38:37.036,0.0
2025-10-24 16:38:37.046,0.0
2025-10-24 16:38:37.056,0.0
2025-10-24 16:38:37.067,0.0
2025-10-24 16:38:37.077,0.0
2025-10-24 16:38:37.087,0.0
2025-10-24 16:38:37.097,0.0
2025-10-24 16:38:37.107,0.0
2025-10-24 16:38:37.117,0.0
2025-10-24 16:38:37.127,0.0
2025-10-24 16:38:37.137,0.0
2025-10-24 16:38:37.147,0.0
2025-10-24 16:38:37.157,0.0
2025-10-24 16:38:37.167,0.0
2025-10-24 16:38:37.177,0.0
2025-10-24 16:38:37.187,0.0
2025-10-24 16:38:37.198,0.0
2025-10-24 16:38:37.208,0.0
2025-10-24 16:38:37.218,0.0
2025-10-24 16:38:37.228,0.0
2025-10-24 16:38:37.238,0.0
2025-10-24 16:38:37.248,0.0
2025-10-24 16:38:37.258,0.0
2025-10-24 16:38:37.268,0.0
2025-10-24 16:38:37.278,0.0
2025-10-24 16:38:37.288,0.0
2025-10-24 16:38:37.298,0.0
2025-10-24 16:38:37.308,0.0
2025-10-24 16:38:37.319,0.0
2025-10-24 16:38:37.329,0.0
2025-10-24 16:38:37.339,0.0
2025-10-24 16:38:37.349,0.0
2025-10-24 16:38:37.359,0.0
2025-10-24 16:38:37.369,0.0
2025-10-24 16:38:37.379,0.0
2025-10-24 16:38:37.389,0.0
2025-10-24 16:38:37.399,0.0
2025-10-24 16:38:37.409,0.0
2025-10-24 16:38:37.419,0.0
2025-10-24 16:38:37.430,0.0
2025-10-24 16:38:37.440,0.0
2025-10-24 16:38:37.450,0.0
2025-10-24 16:38:37.460,0.0
2025-10-24 16:38:37.470,0.0
2025-10-24 16:38:37.480,0.0
2025-10-24 16:38:37.491,0.0
2025-10-24 16:38:37.501,0.0
2025-10-24 16:38:37.511,0.0
2025-10-24 16:38:37.521,0.0
2025-10-24 16:38:37.531,0.0
2025-10-24 16:38:37.541,0.0
2025-10-24 16:38:37.552,0.0
2025-10-24 16:38:37.562,0.0
2025-10-24 16:38:37.572,0.0
2025-10-24 16:38:37.582,0.0
2025-10-24 16:38:37.592,0.0
2025-10-24 16:38:37.602,0.0
2025-10-24 16:38:37.612,0.0
2025-10-24 16:38:37.623,0.0
2025-10-24 16:38:37.633,0.0
2025-10-24 16:38:37.643,0.0
2025-10-24 16:38:37.653,0.0
2025-10-24 16:38:37.663,0.0
2025-10-24 16:38:37.673,0.0
2025-10-24 16:38:37.684,0.0
2025-10-24 16:38:37.694,0.0
2025-10-24 16:38:37.704,0.0
2025-10-24 16:38:37.714,0.0
2025-10-24 16:38:37.724,0.0
2025-10-24 16:38:37.735,0.0
2025-10-24 16:38:37.745,0.0
2025-10-24 16:38:37.755,0.0
2025-10-24 16:38:37.765,0.0
2025-10-24 16:38:37.775,0.0
2025-10-24 16:38:37.785,0.0
2025-10-24 16:38:37.796,0.0
2025-10-24 16:38:37.806,0.0
2025-10-24 16:38:37.816,0.0
2025-10-24 16:38:37.826,0.0
2025-10-24 16:38:37.836,0.0
2025-10-24 16:38:37.846,0.0
2025-10-24 16:38:37.856,0.0
2025-10-24 16:38:37.867,0.0
2025-10-24 16:38:37.877,0.0
2025-10-24 16:38:37.887,0.0
2025-10-24 16:38:37.897,0.0
2025-10-24 16:38:37.907,0.0
2025-10-24 16:38:37.917,0.0
2025-10-24 16:38:37.928,0.0
2025-10-24 16:38:37.938,0.0
2025-10-24 16:38:37.948,0.0
2025-10-24 16:38:37.958,0.0
2025-10-24 16:38:37.968,0.0
2025-10-24 16:38:37.979,0.0
2025-10-24 16:38:37.989,0.0
2025-10-24 16:38:37.999,0.0
2025-10-24 16:38:38.009,0.0
2025-10-24 16:38:38.019,0.0
2025-10-24 16:38:38.029,0.0
2025-10-24 16:38:38.040,0.0
2025-10-24 16:38:38.050,0.0
2025-10-24 16:38:38.060,0.0
2025-10-24 16:38:38.070,0.0
2025-10-24 16:38:38.080,0.0
2025-10-24 16:38:38.090,0.0
2025-10-24 16:38:38.101,0.0
2025-10-24 16:38:38.111,0.0
2025-10-24 16:38:38.121,0.0
2025-10-24 16:38:38.131,0.0
2025-10-24 16:38:38.141,0.0
2025-10-24 16:38:38.151,0.0
2025-10-24 16:38:38.161,0.0
2025-10-24 16:38:38.172,0.0
2025-10-24 16:38:38.182,0.0
2025-10-24 16:38:38.192,0.0
2025-10-24 16:38:38.202,0.0
2025-10-24 16:38:38.212,0.0
2025-10-24 16:38:38.222,0.0
2025-10-24 16:38:38.233,0.0
2025-10-24 16:38:38.243,0.0
2025-10-24 16:38:38.253,0.0
2025-10-24 16:38:38.263,0.0
2025-10-24 16:38:38.273,0.0
2025-10-24 16:38:38.284,0.0
2025-10-24 16:38:38.294,0.0
2025-10-24 16:38:38.304,0.0
2025-10-24 16:38:38.314,0.0
2025-10-24 16:38:38.324,0.0
2025-10-24 16:38:38.334,0.0
2025-10-24 16:38:38.345,0.0
2025-10-24 16:38:38.355,0.0
2025-10-24 16:38:38.365,0.0
2025-10-24 16:38:38.375,0.0
2025-10-24 16:38:38.385,0.0
2025-10-24 16:38:38.395,0.0
2025-10-24 16:38:38.405,0.0
2025-10-24 16:38:38.416,0.0
2025-10-24 16:38:38.426,0.0
2025-10-24 16:38:38.436,0.0
2025-10-24 16:38:38.446,0.0
2025-10-24 16:38:38.456,0.0
2025-10-24 16:38:38.466,0.0
2025-10-24 16:38:38.477,0.0
2025-10-24 16:38:38.487,0.0
2025-10-24 16:38:38.497,0.0
2025-10-24 16:38:38.507,0.0
2025-10-24 16:38:38.517,0.0
2025-10-24 16:38:38.527,0.0
2025-10-24 16:38:38.538,0.0
2025-10-24 16:38:38.548,0.0
2025-10-24 16:38:38.558,0.0
2025-10-24 16:38:38.568,0.0
2025-10-24 16:38:38.578,0.0
2025-10-24 16:38:38.589,0.0
2025-10-24 16:38:38.599,0.0
2025-10-24 16:38:38.609,0.0
2025-10-24 16:38:38.619,0.0
2025-10-24 16:38:38.629,0.0
2025-10-24 16:38:38.639,0.0
2025-10-24 16:38:38.650,0.0
2025-10-24 16:38:38.660,0.0
2025-10-24 16:38:38.670,0.0
2025-10-24 16:38:38.680,0.0
2025-10-24 16:38:38.690,0.0
2025-10-24 16:38:38.700,0.0
2025-10-24 16:38:38.710,0.0
2025-10-24 16:38:38.721,0.0
2025-10-24 16:38:38.731,0.0
2025-10-24 16:38:38.741,0.0
2025-10-24 16:38:38.751,0.0
2025-10-24 16:38:38.761,0.0
2025-10-24 16:38:38.771,0.0
2025-10-24 16:38:38.782,0.0
2025-10-24 16:38:38.792,0.0
2025-10-24 16:38:38.802,0.0
2025-10-24 16:38:38.812,0.0
2025-10-24 16:38:38.822,0.0
2025-10-24 16:38:38.833,0.0
2025-10-24 16:38:38.843,0.0
2025-10-24 16:38:38.853,0.0
2025-10-24 16:38:38.863,0.0
2025-10-24 16:38:38.873,0.0
2025-10-24 16:38:38.883,0.0
2025-10-24 16:38:38.894,0.0
2025-10-24 16:38:38.904,0.0
2025-10-24 16:38:38.914,0.0
2025-10-24 16:38:38.924,0.0
2025-10-24 16:38:38.934,0.0
2025-10-24 16:38:38.944,0.0
2025-10-24 16:38:38.955,0.0
2025-10-24 16:38:38.965,0.0
2025-10-24 16:38:38.975,0.0
2025-10-24 16:38:38.985,0.0
2025-10-24 16:38:38.995,0.0
2025-10-24 16:38:39.005,0.0
2025-10-24 16:38:39.015,0.0
2025-10-24 16:38:39.026,0.0
2025-10-24 16:38:39.036,0.0
2025-10-24 16:38:39.046,0.0
2025-10-24 16:38:39.056,0.0
2025-10-24 16:38:39.066,0.0
2025-10-24 16:38:39.076,0.0
2025-10-24 16:38:39.087,0.0
2025-10-24 16:38:39.097,0.0
2025-10-24 16:38:39.107,0.0
2025-10-24 16:38:39.117,0.0
2025-10-24 16:38:39.127,0.0
2025-10-24 16:38:39.138,0.0
2025-10-24 16:38:39.148,0.0
2025-10-24 16:38:39.158,0.0
2025-10-24 16:38:39.168,0.0
2025-10-24 16:38:39.178,0.0
2025-10-24 16:38:39.188,0.0
2025-10-24 16:38:39.199,0.0
2025-10-24 16:38:39.209,0.0
2025-10-24 16:38:39.219,0.0
2025-10-24 16:38:39.229,0.0
2025-10-24 16:38:39.239,0.0
2025-10-24 16:38:39.249,0.0
2025-10-24 16:38:39.260,0.0
2025-10-24 16:38:39.270,0.0
2025-10-24 16:38:39.280,0.0
2025-10-24 16:38:39.290,0.0
2025-10-24 16:38:39.300,0.0
2025-10-24 16:38:39.310,0.0
2025-10-24 16:38:39.320,0.0
2025-10-24 16:38:39.331,0.0
2025-10-24 16:38:39.341,0.0
2025-10-24 16:38:39.351,0.0
2025-10-24 16:38:39.361,0.0
2025-10-24 16:38:39.371,0.0
2025-10-24 16:38:39.381,0.0
2025-10-24 16:38:39.392,0.0
2025-10-24 16:38:39.402,0.0
2025-10-24 16:38:39.412,0.0
2025-10-24 16:38:39.422,0.0
2025-10-24 16:38:39.432,0.0
2025-10-24 16:38:39.443,0.0
2025-10-24 16:38:39.453,0.0
2025-10-24 16:38:39.463,0.0
2025-10-24 16:38:39.473,0.0
2025-10-24 16:38:39.483,0.0
2025-10-24 16:38:39.493,0.0
2025-10-24 16:38:39.504,0.0
2025-10-24 16:38:39.514,0.0
2025-10-24 16:38:39.524,0.0
2025-10-24 16:38:39.534,0.0
2025-10-24 16:38:39.544,0.0
2025-10-24 16:38:39.554,0.0
2025-10-24 16:38:39.564,0.0
2025-10-24 16:38:39.575,0.0
2025-10-24 16:38:39.585,0.0
2025-10-24 16:38:39.595,0.0
2025-10-24 16:38:39.605,0.0
2025-10-24 16:38:39.615,0.0
2025-10-24 16:38:39.625,0.0
2025-10-24 16:38:39.636,0.0
2025-10-24 16:38:39.646,0.0
2025-10-24 16:38:39.656,0.0
2025-10-24 16:38:39.666,0.0
2025-10-24 16:38:39.676,0.0
2025-10-24 16:38:39.687,0.0
2025-10-24 16:38:39.697,0.0
2025-10-24 16:38:39.707,0.0
2025-10-24 16:38:39.717,0.0
2025-10-24 16:38:39.727,0.0
2025-10-24 16:38:39.737,0.0
2025-10-24 16:38:39.748,0.0
2025-10-24 16:38:39.758,0.0
2025-10-24 16:38:39.768,0.0
2025-10-24 16:38:39.778,0.0
2025-10-24 16:38:39.788,0.0
2025-10-24 16:38:39.798,0.0
2025-10-24 16:38:39.808,0.0
2025-10-24 16:38:39.819,0.0
2025-10-24 16:38:39.829,0.0
2025-10-24 16:38:39.839,0.0
2025-10-24 16:38:39.849,0.0
2025-10-24 16:38:39.859,0.0
2025-10-24 16:38:39.869,0.0
2025-10-24 16:38:39.880,0.0
2025-10-24 16:38:39.890,0.0
2025-10-24 16:38:39.900,0.0
2025-10-24 16:38:39.910,0.0
2025-10-24 16:38:39.920,0.0
2025-10-24 16:38:39.930,0.0
2025-10-24 16:38:39.940,0.0
2025-10-24 16:38:39.950,0.0
2025-10-24 16:38:39.960,0.0
2025-10-24 16:38:39.970,0.0
2025-10-24 16:38:39.980,0.0
2025-10-24 16:38:39.991,0.0
2025-10-24 16:38:40.001,0.0
2025-10-24 16:38:40.011,0.0
2025-10-24 16:38:40.021,0.0
2025-10-24 16:38:40.031,0.0
2025-10-24 16:38:40.041,0.0
2025-10-24 16:38:40.051,0.0
2025-10-24 16:38:40.061,0.0
2025-10-24 16:38:40.071,0.0
2025-10-24 16:38:40.081,0.0
2025-10-24 16:38:40.091,0.0
2025-10-24 16:38:40.101,0.0
2025-10-24 16:38:40.111,0.0
2025-10-24 16:38:40.122,0.0
2025-10-24 16:38:40.132,0.0
2025-10-24 16:38:40.142,0.0
2025-10-24 16:38:40.152,0.0
2025-10-24 16:38:40.162,0.0
2025-10-24 16:38:40.172,0.0
2025-10-24 16:38:40.182,0.0
2025-10-24 16:38:40.192,0.0
2025-10-24 16:38:40.202,0.0
2025-10-24 16:38:40.212,0.0
2025-10-24 16:38:40.222,0.0
2025-10-24 16:38:40.233,0.0
2025-10-24 16:38:40.243,0.0
2025-10-24 16:38:40.253,0.0
2025-10-24 16:38:40.263,0.0
2025-10-24 16:38:40.273,0.0
2025-10-24 16:38:40.283,0.0
2025-10-24 16:38:40.293,0.0
2025-10-24 16:38:40.303,0.0
2025-10-24 16:38:40.313,0.0
2025-10-24 16:38:40.323,0.0
2025-10-24 16:38:40.333,0.0
2025-10-24 16:38:40.343,0.0
2025-10-24 16:38:40.354,0.0
2025-10-24 16:38:40.364,0.0
2025-10-24 16:38:40.374,0.0
2025-10-24 16:38:40.384,0.0
2025-10-24 16:38:40.394,0.0
2025-10-24 16:38:40.404,0.0
2025-10-24 16:38:40.414,0.0
2025-10-24 16:38:40.424,0.0
2025-10-24 16:38:40.434,0.0
2025-10-24 16:38:40.444,0.0
2025-10-24 16:38:40.454,0.0
2025-10-24 16:38:40.464,0.0
2025-10-24 16:38:40.474,0.0
2025-10-24 16:38:40.485,0.0
2025-10-24 16:38:40.495,0.0
2025-10-24 16:38:40.505,0.0
2025-10-24 16:38:40.515,0.0
2025-10-24 16:38:40.525,0.0
2025-10-24 16:38:40.535,0.0
2025-10-24 16:38:40.545,0.0
2025-10-24 16:38:40.555,0.0
2025-10-24 16:38:40.565,0.0
2025-10-24 16:38:40.575,0.0
2025-10-24 16:38:40.585,0.0
2025-10-24 16:38:40.596,0.0
2025-10-24 16:38:40.606,0.0
2025-10-24 16:38:40.616,0.0
2025-10-24 16:38:40.626,0.0
2025-10-24 16:38:40.636,0.0
2025-10-24 16:38:40.646,0.0
2025-10-24 16:38:40.656,0.0
2025-10-24 16:38:40.666,0.0
2025-10-24 16:38:40.676,0.0
2025-10-24 16:38:40.686,0.0
2025-10-24 16:38:40.696,0.0
2025-10-24 16:38:40.706,0.0
2025-10-24 16:38:40.716,0.0
2025-10-24 16:38:40.727,0.0
2025-10-24 16:38:40.737,0.0
2025-10-24 16:38:40.747,0.0
2025-10-24 16:38:40.757,0.0
2025-10-24 16:38:40.767,0.0
2025-10-24 16:38:40.777,0.0
2025-10-24 16:38:40.787,0.0
2025-10-24 16:38:40.797,0.0
2025-10-24 16:38:40.807,0.0
2025-10-24 16:38:40.817,0.0
2025-10-24 16:38:40.827,0.0
2025-10-24 16:38:40.838,0.0
2025-10-24 16:38:40.848,0.0
2025-10-24 16:38:40.858,0.0
2025-10-24 16:38:40.868,0.0
2025-10-24 16:38:40.878,0.0
2025-10-24 16:38:40.888,0.0
2025-10-24 16:38:40.898,0.0
2025-10-24 16:38:40.908,0.0
2025-10-24 16:38:40.918,0.0
2025-10-24 16:38:40.928,0.0
2025-10-24 16:38:40.938,0.0
2025-10-24 16:38:40.948,0.0
2025-10-24 16:38:40.958,0.0
2025-10-24 16:38:40.969,0.0
2025-10-24 16:38:40.979,0.0
2025-10-24 16:38:40.989,0.0
2025-10-24 16:38:40.999,0.0
2025-10-24 16:38:41.009,0.0
2025-10-24 16:38:41.019,0.0
2025-10-24 16:38:41.029,0.0
2025-10-24 16:38:41.039,0.0
2025-10-24 16:38:41.049,0.0
2025-10-24 16:38:41.059,0.0
2025-10-24 16:38:41.069,0.0
2025-10-24 16:38:41.080,0.0
2025-10-24 16:38:41.090,0.0
2025-10-24 16:38:41.100,0.0
2025-10-24 16:38:41.110,0.0
2025-10-24 16:38:41.120,0.0
2025-10-24 16:38:41.130,0.0
2025-10-24 16:38:41.140,0.0
2025-10-24 16:38:41.151,0.0
2025-10-24 16:38:41.161,0.0
2025-10-24 16:38:41.171,0.0
2025-10-24 16:38:41.181,0.0
2025-10-24 16:38:41.191,0.0
2025-10-24 16:38:41.201,0.0
2025-10-24 16:38:41.212,0.0
2025-10-24 16:38:41.222,0.0
2025-10-24 16:38:41.232,0.0
2025-10-24 16:38:41.242,0.0
2025-10-24 16:38:41.252,0.0
2025-10-24 16:38:41.263,0.0
2025-10-24 16:38:41.273,0.0
2025-10-24 16:38:41.283,0.0
2025-10-24 16:38:41.293,0.0
2025-10-24 16:38:41.303,0.0
2025-10-24 16:38:41.313,0.0
2025-10-24 16:38:41.324,0.0
2025-10-24 16:38:41.334,0.0
2025-10-24 16:38:41.344,0.0
2025-10-24 16:38:41.354,0.0
2025-10-24 16:38:41.364,0.0
2025-10-24 16:38:41.374,0.0
2025-10-24 16:38:41.385,0.0
2025-10-24 16:38:41.395,0.0
2025-10-24 16:38:41.405,0.0
2025-10-24 16:38:41.415,0.0
2025-10-24 16:38:41.425,0.0
2025-10-24 16:38:41.435,0.0
2025-10-24 16:38:41.445,0.0
2025-10-24 16:38:41.456,0.0
2025-10-24 16:38:41.466,0.0
2025-10-24 16:38:41.476,0.0
2025-10-24 16:38:41.486,0.0
2025-10-24 16:38:41.496,0.0
2025-10-24 16:38:41.506,0.0
2025-10-24 16:38:41.517,0.0
2025-10-24 16:38:41.527,0.0
2025-10-24 16:38:41.537,0.0
2025-10-24 16:38:41.547,0.0
2025-10-24 16:38:41.557,0.0
2025-10-24 16:38:41.568,0.0
2025-10-24 16:38:41.578,0.0
2025-10-24 16:38:41.588,0.0
2025-10-24 16:38:41.598,0.0
2025-10-24 16:38:41.608,0.0
2025-10-24 16:38:41.618,0.0
2025-10-24 16:38:41.629,0.0
2025-10-24 16:38:41.639,0.0
2025-10-24 16:38:41.649,0.0
2025-10-24 16:38:41.659,0.0
2025-10-24 16:38:41.669,0.0
2025-10-24 16:38:41.679,0.0
2025-10-24 16:38:41.689,0.0
2025-10-24 16:38:41.700,0.0
2025-10-24 16:38:41.710,0.0
2025-10-24 16:38:41.720,0.0
2025-10-24 16:38:41.730,0.0
2025-10-24 16:38:41.740,0.0
2025-10-24 16:38:41.750,0.0
2025-10-24 16:38:41.761,0.0
2025-10-24 16:38:41.771,0.0
2025-10-24 16:38:41.781,0.0
2025-10-24 16:38:41.791,0.0
2025-10-24 16:38:41.801,0.0
2025-10-24 16:38:41.812,0.0
2025-10-24 16:38:41.822,0.0
2025-10-24 16:38:41.832,0.0
2025-10-24 16:38:41.842,0.0
2025-10-24 16:38:41.852,0.0
2025-10-24 16:38:41.862,0.0
2025-10-24 16:38:41.873,0.0
2025-10-24 16:38:41.883,0.0
2025-10-24 16:38:41.893,0.0
2025-10-24 16:38:41.903,0.0
2025-10-24 16:38:41.913,0.0
2025-10-24 16:38:41.923,0.0
2025-10-24 16:38:41.933,0.0
2025-10-24 16:38:41.944,0.0
2025-10-24 16:38:41.954,0.0
2025-10-24 16:38:41.964,0.0
2025-10-24 16:38:41.974,0.0
2025-10-24 16:38:41.984,0.0
2025-10-24 16:38:41.994,0.0
2025-10-24 16:38:42.005,0.0
2025-10-24 16:38:42.015,0.0
2025-10-24 16:38:42.025,0.0
2025-10-24 16:38:42.035,0.0
2025-10-24 16:38:42.045,0.0
2025-10-24 16:38:42.055,0.0
2025-10-24 16:38:42.066,0.0
2025-10-24 16:38:42.076,0.0
2025-10-24 16:38:42.086,0.0
2025-10-24 16:38:42.096,0.0
2025-10-24 16:38:42.106,0.0
2025-10-24 16:38:42.117,0.0
2025-10-24 16:38:42.127,0.0
2025-10-24 16:38:42.137,0.0
2025-10-24 16:38:42.147,0.0
2025-10-24 16:38:42.157,0.0
2025-10-24 16:38:42.167,0.0
2025-10-24 16:38:42.178,0.0
2025-10-24 16:38:42.188,0.0
2025-10-24 16:38:42.198,0.0
2025-10-24 16:38:42.208,0.0
2025-10-24 16:38:42.218,0.0
2025-10-24 16:38:42.228,0.0
2025-10-24 16:38:42.238,0.0
2025-10-24 16:38:42.249,0.0
2025-10-24 16:38:42.259,0.0
2025-10-24 16:38:42.269,0.0
2025-10-24 16:38:42.279,0.0
2025-10-24 16:38:42.289,0.0
